run,attack,tpr_5e5,tpr_5e4,pr_auc,roc_auc,n_benign,n_attack,fp_5e5,fp_5e4,thr_5e5,thr_5e4,n_scored_benign,n_passed_benign,n_passed_attack
R1_A_HE,DOS_synflooding,0.46583355490561024,0.4716070953773692,0.6019091233903563,0.7448844280148548,156505,26327,7,78,0.11297508329153061,0.08210363984107971,83977,72528,43
R1_A_HE,Hakai,0.0,0.0,0.1259380876344193,0.5186295769224534,156505,23623,1,1,0.2775416076183319,0.2775416076183319,83977,72528,0
R1_A_HE,Hide_and_seek,0.0,0.0,0.14181204108408432,0.5959666133432849,156505,23334,1,1,0.2775416076183319,0.2775416076183319,83977,72528,115
R1_A_HE,MITM,0.002960725075528701,0.008580060422960726,0.6518974054899564,0.9270071525566348,156505,33100,7,78,0.11302128434181213,0.08209254592657089,83977,72528,84
R1_A_HE,Muhstik,0.0,0.0,0.14357718409001327,0.6471238642640554,156505,20656,1,1,0.2775416076183319,0.2775416076183319,83977,72528,42
R1_A_HE,Okiru,0.6957877128953771,0.9018780413625304,0.995566637586566,0.998955213485752,156505,26304,7,78,0.11287012696266174,0.08209484815597534,83977,72528,0
R1_A_HE,Password_attack,0.0,0.0,0.6690415910692881,0.9567244581211601,156505,27142,1,1,0.2775416076183319,0.2775416076183319,83977,72528,0
R1_A_HE,Ransomware,0.005442176870748299,0.007074829931972789,0.12083210553369225,0.7571663012222556,156505,11025,7,72,0.11448650062084198,0.08404850214719772,83977,72528,0
R1_A_HE,SQL_injection,0.0,0.0,0.8242029836650678,0.9526068261001888,156505,51228,1,1,0.2775416076183319,0.2775416076183319,83977,72528,11
R1_A_HE,Sparta,0.9355907733700823,0.9416281130032483,0.9752403597914401,0.9862955402820593,156505,30477,7,78,0.11314069479703903,0.08211295306682587,83977,72528,0
R1_A_HE,Torii,0.0006870251809664154,0.0011251281949160136,0.346052106787381,0.48159441583694496,156505,100433,7,78,0.11753884702920914,0.08238573372364044,83977,72528,2349
R1_A_HE,UDP_scan,0.0016200891049007696,0.02713649250708789,0.23151961698831922,0.7589801596622718,156505,7407,7,78,0.11325430124998093,0.0821378156542778,83977,72528,0
R1_A_HE,Uploading_attack,0.27746340426662414,0.4422039797029835,0.9717095303710529,0.9921422824597795,156505,37641,7,78,0.11286994069814682,0.08209116756916046,83977,72528,0
R1_A_HE,Vulnerability_scanner,0.002382757500270768,0.01779847647929528,0.789380234960953,0.9618277377904335,156505,27699,7,78,0.11300063878297806,0.08210159838199615,83977,72528,0
R1_A_HE,XSS_attack,0.0,0.0,0.1354217370191783,0.700145110050194,156505,16213,1,1,0.2775416076183319,0.2775416076183319,83977,72528,0
R1_A_HE,bruteforce,0.0,0.5963863086906731,0.6208890459545472,0.8173396847366856,156505,7859,1,78,0.2775416076183319,0.0821617841720581,83977,72528,0
R1_A_HE,http_ddos,0.28540335118327864,0.4082915874935222,0.942207827011731,0.9872344273064996,156505,28945,7,78,0.11288026720285416,0.08209318667650223,83977,72528,0
R2_A_MAG,DOS_synflooding,0.46100960990617995,0.4704295969916815,0.56708426801525,0.5691564809767512,156505,26327,7,78,0.13336260616779327,0.08755792677402496,156505,0,0
R2_A_MAG,Hakai,0.0,0.0,0.0799602569648047,0.18953954728324218,156505,23623,1,1,0.2775416076183319,0.2775416076183319,156505,0,0
R2_A_MAG,Hide_and_seek,0.0,0.0,0.08952269424608517,0.31671122211708114,156505,23334,1,1,0.2775416076183319,0.2775416076183319,156505,0,0
R2_A_MAG,MITM,0.001419939577039275,0.006767371601208459,0.5852981652322898,0.9031303119472164,156505,33100,7,78,0.13356678187847137,0.08764822781085968,156505,0,0
R2_A_MAG,Muhstik,0.0,0.0,0.0913869432323612,0.4065727968206854,156505,20656,1,1,0.2775416076183319,0.2775416076183319,156505,0,0
R2_A_MAG,Okiru,0.44643400243309,0.8773190389294404,0.9942843695763721,0.9984351128981833,156505,26304,7,78,0.13330993056297302,0.08755894005298615,156505,0,0
R2_A_MAG,Password_attack,0.0,0.0,0.6033830656728725,0.9421742333562689,156505,27142,1,1,0.2775416076183319,0.2775416076183319,156505,0,0
R2_A_MAG,Ransomware,0.00471655328798186,0.006893424036281179,0.08567281681979844,0.6276830879397114,156505,11025,7,73,0.13381297886371613,0.08921836316585541,156505,0,0
R2_A_MAG,SQL_injection,0.0,0.0,0.7828516231457598,0.9376312686461216,156505,51228,1,1,0.2775416076183319,0.2775416076183319,156505,0,0
R2_A_MAG,Sparta,0.9310299570167667,0.9405125176362503,0.9714612703994584,0.9775602273132509,156505,30477,7,78,0.13336150348186493,0.08756917715072632,156505,0,0
R2_A_MAG,Torii,0.0004878874473529617,0.0011052144215546683,0.24025811423739882,0.10515628884070723,156505,100433,7,77,0.13606441020965576,0.08820951730012894,156505,0,0
R2_A_MAG,UDP_scan,0.0,0.018496017280950454,0.18385026949731448,0.5938354162911759,156505,7407,1,78,0.2775416076183319,0.08772172778844833,156505,0,0
R2_A_MAG,Uploading_attack,0.1993570840307112,0.40195531468345685,0.9636789489047176,0.989067525706551,156505,37641,7,78,0.13331666588783264,0.08755605667829514,156505,0,0
R2_A_MAG,Vulnerability_scanner,0.0,0.012094299433192533,0.7411329609462823,0.949345893582038,156505,27699,1,78,0.2775416076183319,0.08765672892332077,156505,0,0
R2_A_MAG,XSS_attack,0.0,0.0,0.08851908072778222,0.518607612269455,156505,16213,1,1,0.2775416076183319,0.2775416076183319,156505,0,0
R2_A_MAG,bruteforce,0.0,0.5545234762692455,0.6037752252268623,0.6880727727803116,156505,7859,1,78,0.2775416076183319,0.0875677689909935,156505,0,0
R2_A_MAG,http_ddos,0.2354810848160304,0.3818967006391432,0.9270520526399625,0.9827865016054035,156505,28945,7,78,0.13334114849567413,0.0875568687915802,156505,0,0
R3_A_KITHE,DOS_synflooding,0.3600106354692901,0.4176700725490941,0.5981197549688343,0.7650750906946651,156505,26327,7,77,0.07242244057274419,0.03723886976970539,83977,72528,43
R3_A_KITHE,Hakai,0.0,0.0,0.1296834879900501,0.5335564884375473,156505,23623,1,1,0.1346572627759409,0.1346572627759409,83977,72528,0
R3_A_KITHE,Hide_and_seek,0.0,0.0,0.2822171566569059,0.8273141769445499,156505,23334,1,1,0.1346572627759409,0.1346572627759409,83977,72528,115
R3_A_KITHE,MITM,0.0002719033232628399,0.004773413897280967,0.43280875950425296,0.8299449132007501,156505,33100,6,73,0.07502793723887753,0.03732123935668681,83977,72528,84
R3_A_KITHE,Muhstik,0.0,0.0,0.24832017642262655,0.8123507575837627,156505,20656,1,1,0.1346572627759409,0.1346572627759409,83977,72528,42
R3_A_KITHE,Okiru,0.1828619221411192,0.8242472627737226,0.9836690091148695,0.9966917076489321,156505,26304,7,78,0.07242014544690197,0.037191413521865994,83977,72528,0
R3_A_KITHE,Password_attack,0.0,0.0,0.2622610444314821,0.7830413189519668,156505,27142,1,1,0.1346572627759409,0.1346572627759409,83977,72528,0
R3_A_KITHE,Ransomware,0.007528344671201814,0.011791383219954649,0.16120028134261602,0.819231275927301,156505,11025,6,72,0.07602997755750283,0.03761417242513836,83977,72528,0
R3_A_KITHE,SQL_injection,0.0,0.0,0.6151382352099045,0.9203053393312493,156505,51228,1,1,0.1346572627759409,0.1346572627759409,83977,72528,11
R3_A_KITHE,Sparta,0.8867670702496965,0.9217442661679299,0.978939597957663,0.9930000472126429,156505,30477,7,77,0.0724912859662273,0.037211893632278545,83977,72528,0
R3_A_KITHE,Torii,0.000477930560672289,0.0010454731014706321,0.35455327017258653,0.5004973248429108,156505,100433,7,73,0.07266945595613793,0.037415599299764915,83977,72528,2349
R3_A_KITHE,UDP_scan,0.0,0.0,0.22486849240050516,0.9222325769177968,156505,7407,1,1,0.1346572627759409,0.1346572627759409,83977,72528,0
R3_A_KITHE,Uploading_attack,0.17629712281820356,0.27767593847134775,0.8812669717578953,0.9665382630177343,156505,37641,7,78,0.0724430144190529,0.03718979516971092,83977,72528,0
R3_A_KITHE,Vulnerability_scanner,0.00010830715910321672,0.005415357955160836,0.47864569232828225,0.901269504009739,156505,27699,7,78,0.07359169295476166,0.037197422917654106,83977,72528,0
R3_A_KITHE,XSS_attack,0.0,0.0,0.20703614102592355,0.8175035877499238,156505,16213,1,1,0.1346572627759409,0.1346572627759409,83977,72528,0
R3_A_KITHE,bruteforce,0.0,0.0,0.4091651810679454,0.8690937647933913,156505,7859,1,1,0.1346572627759409,0.1346572627759409,83977,72528,0
R3_A_KITHE,http_ddos,0.06823285541544308,0.23098980825703921,0.8068926440721904,0.956342882370023,156505,28945,7,78,0.07242198471861162,0.03717750710961703,83977,72528,0
R4_A_KIT,DOS_synflooding,0.34686823413225965,0.4139096744786721,0.5555573898103134,0.5621982711732969,156505,26327,7,78,0.07869717628133242,0.040422904339629924,156505,0,0
R4_A_KIT,Hakai,0.0,0.0,0.07501421914416884,0.12899444531195958,156505,23623,1,1,0.1346572627759409,0.1346572627759409,156505,0,0
R4_A_KIT,Hide_and_seek,0.0,0.0,0.20672759659640694,0.7243846429701383,156505,23334,1,1,0.1346572627759409,0.1346572627759409,156505,0,0
R4_A_KIT,MITM,0.00021148036253776435,0.0038066465256797583,0.35321651941585747,0.7186243388071634,156505,33100,7,76,0.08178891472323442,0.0406564863444807,156505,0,0
R4_A_KIT,Muhstik,0.0,0.0,0.17921310444719799,0.6977097729719659,156505,20656,1,1,0.1346572627759409,0.1346572627759409,156505,0,0
R4_A_KIT,Okiru,0.08489203163017031,0.8084321776155717,0.9812780408830989,0.9956670866430657,156505,26304,7,78,0.0786908138375506,0.040411759341874874,156505,0,0
R4_A_KIT,Password_attack,0.0,0.0,0.17958710312634935,0.6313285853144583,156505,27142,1,1,0.1346572627759409,0.1346572627759409,156505,0,0
R4_A_KIT,Ransomware,0.0072562358276643995,0.011156462585034013,0.11193135282719463,0.7038915551950735,156505,11025,7,73,0.08044817150448796,0.04082681512696741,156505,0,0
R4_A_KIT,SQL_injection,0.0,0.0,0.5650107424311342,0.8960642126014582,156505,51228,1,1,0.1346572627759409,0.1346572627759409,156505,0,0
R4_A_KIT,Sparta,0.881418774813794,0.9187255963513469,0.9748005368052193,0.9895076982830077,156505,30477,7,78,0.07876781562483998,0.04044681335605756,156505,0,0
R4_A_KIT,Torii,0.0004381030139495982,0.0010156024414286141,0.23768350884478134,0.07609897334694442,156505,100433,5,71,0.08584493406362538,0.04180780726931933,156505,0,0
R4_A_KIT,UDP_scan,0.0,0.0,0.19105513024082144,0.8956980697578507,156505,7407,1,1,0.1346572627759409,0.1346572627759409,156505,0,0
R4_A_KIT,Uploading_attack,0.15286522674742967,0.26487075263675247,0.8645842715654635,0.9527678508279174,156505,37641,7,78,0.07868709238148348,0.04041121481891557,156505,0,0
R4_A_KIT,Vulnerability_scanner,3.610238636773891e-05,0.004187876818657713,0.41731683706073774,0.8536561936032494,156505,27699,7,78,0.07882814192283354,0.04047124730512538,156505,0,0
R4_A_KIT,XSS_attack,0.0,0.0,0.14439797399800397,0.7007425813595496,156505,16213,1,1,0.1346572627759409,0.1346572627759409,156505,0,0
R4_A_KIT,bruteforce,0.0,0.0,0.3777882682165624,0.7682716836025629,156505,7859,1,1,0.1346572627759409,0.1346572627759409,156505,0,0
R4_A_KIT,http_ddos,0.05482812230091553,0.21064087061668682,0.7785748298815862,0.9392348893998327,156505,28945,7,78,0.07871857724592797,0.04041180014021401,156505,0,0
R5_B_HE,DOS_synflooding,0.4722528202985528,0.4790899076993201,0.696098394621278,0.8725133464642235,124792,26327,6,62,0.17624500393867493,0.1251106560230255,112864,11928,43
R5_B_HE,Hakai,0.0,0.0,0.2314554024526661,0.7246448190962347,124792,23623,1,1,0.35187777876853943,0.35187777876853943,112864,11928,0
R5_B_HE,Hide_and_seek,0.0,0.0,0.7051782501739727,0.9422340646782763,124792,23334,1,1,0.35187777876853943,0.35187777876853943,112864,11928,115
R5_B_HE,MITM,0.7298187311178248,0.8405740181268883,0.9854666280094722,0.9922179030377847,124792,33100,6,62,0.17623469233512878,0.12521779537200928,112864,11928,84
R5_B_HE,Muhstik,0.0,0.0,0.719964992082212,0.9650392575476421,124792,20656,1,1,0.35187777876853943,0.35187777876853943,112864,11928,42
R5_B_HE,Okiru,0.9863518856447688,0.9941453771289538,0.9995006165116501,0.9998233418376548,124792,26304,6,62,0.17656758427619934,0.12558594346046448,112864,11928,0
R5_B_HE,Password_attack,0.7782403654852259,0.8536216933166311,0.99103850022085,0.99652250067124,124792,27142,6,62,0.17622175812721252,0.12508521974086761,112864,11928,0
R5_B_HE,Ransomware,0.0045351473922902496,0.006712018140589569,0.14777626789451864,0.6487393826047632,124792,11025,3,53,0.18985891342163086,0.12860484421253204,112864,11928,0
R5_B_HE,SQL_injection,0.9010892480674632,0.939544780198329,0.9974210399371584,0.9981661358475673,124792,51228,6,62,0.17623786628246307,0.12507429718971252,112864,11928,11
R5_B_HE,Sparta,0.946188929356564,0.9498966433704105,0.9877252810929003,0.99428638268746,124792,30477,6,62,0.1774858683347702,0.12524794042110443,112864,11928,0
R5_B_HE,Torii,0.000477930560672289,0.0007666802744117969,0.5174658060027106,0.6973902484979317,124792,100433,6,62,0.178073912858963,0.12513713538646698,112864,11928,2349
R5_B_HE,UDP_scan,0.1868502767652221,0.3025516403402187,0.594554915602378,0.9408093544774747,124792,7407,6,62,0.1762426197528839,0.1251082569360733,112864,11928,0
R5_B_HE,Uploading_attack,0.7559044658749767,0.8872240376185543,0.9967622504741425,0.9984538982625065,124792,37641,6,62,0.17622961103916168,0.12507082521915436,112864,11928,0
R5_B_HE,Vulnerability_scanner,0.8817285822592873,0.9511534712444493,0.997749265910477,0.9993146721709023,124792,27699,6,62,0.17627358436584473,0.12513649463653564,112864,11928,0
R5_B_HE,XSS_attack,0.0,0.0,0.08478859691808799,0.36968589364973714,124792,16213,1,1,0.35187777876853943,0.35187777876853943,112864,11928,0
R5_B_HE,bruteforce,0.1581626161089197,0.3944522203842728,0.6916060738207508,0.9274897881021978,124792,7859,6,62,0.17657318711280823,0.12508994340896606,112864,11928,0
R5_B_HE,http_ddos,0.7427189497322508,0.8580065641734324,0.9939315548074962,0.9976721175592587,124792,28945,6,62,0.17622432112693787,0.1251438558101654,112864,11928,0
R6_B_MAG,DOS_synflooding,0.47175903065294184,0.4779124093136324,0.6909028072603669,0.8672264181232242,124792,26327,6,62,0.18324102461338043,0.12874549627304077,124792,0,0
R6_B_MAG,Hakai,0.0,0.0,0.220951346400179,0.7070729020355673,124792,23623,1,1,0.35187777876853943,0.35187777876853943,124792,0,0
R6_B_MAG,Hide_and_seek,0.0,0.0,0.6973958046523644,0.9418185641656839,124792,23334,1,1,0.35187777876853943,0.35187777876853943,124792,0,0
R6_B_MAG,MITM,0.7140483383685801,0.8353474320241692,0.9866251876544581,0.9941160716205178,124792,33100,6,62,0.18270337581634521,0.12869133055210114,124792,0,0
R6_B_MAG,Muhstik,0.0,0.0,0.7108048379270901,0.9646092763734533,124792,20656,1,1,0.35187777876853943,0.35187777876853943,124792,0,0
R6_B_MAG,Okiru,0.9851733576642335,0.9938412408759124,0.9994811656008018,0.9998131892990617,124792,26304,6,61,0.18274180591106415,0.12911054491996765,124792,0,0
R6_B_MAG,Password_attack,0.7682189963893596,0.848611008768698,0.9906182207711146,0.9962440159034907,124792,27142,6,62,0.18275617063045502,0.12870357930660248,124792,0,0
R6_B_MAG,Ransomware,0.0045351473922902496,0.0066213151927437645,0.1407352598200339,0.6144543446371861,124792,11025,5,60,0.18985891342163086,0.1295936405658722,124792,0,0
R6_B_MAG,SQL_injection,0.8974389006012337,0.936636214570157,0.9974551657068854,0.9982357765989899,124792,51228,6,62,0.18271900713443756,0.12868770956993103,124792,0,0
R6_B_MAG,Sparta,0.9457623781868294,0.9495357154575581,0.9873392395497672,0.9939015748967447,124792,30477,6,61,0.18274588882923126,0.12907740473747253,124792,0,0
R6_B_MAG,Torii,0.0004580167873109436,0.0007368096143697788,0.5104273366780618,0.6937135265873229,124792,100433,5,60,0.18705826997756958,0.12949417531490326,124792,0,0
R6_B_MAG,UDP_scan,0.1699743485891724,0.2935061428378561,0.5880871463893325,0.9379640020170017,124792,7407,6,61,0.18278378248214722,0.12893736362457275,124792,0,0
R6_B_MAG,Uploading_attack,0.7476421986663478,0.8767035944847373,0.9965732948683464,0.9983220840137907,124792,37641,6,62,0.18272973597049713,0.1286831796169281,124792,0,0
R6_B_MAG,Vulnerability_scanner,0.870428535326185,0.9480847684031914,0.9976286157267569,0.9992722407577815,124792,27699,6,62,0.18274934589862823,0.12869885563850403,124792,0,0
R6_B_MAG,XSS_attack,0.0,0.0,0.07759481903784468,0.302941617827455,124792,16213,1,1,0.35187777876853943,0.35187777876853943,124792,0,0
R6_B_MAG,bruteforce,0.12024430589133478,0.3760020358824278,0.6859579454524832,0.9226109013435002,124792,7859,6,62,0.1827203631401062,0.12871040403842926,124792,0,0
R6_B_MAG,http_ddos,0.7278977370875799,0.8506823285541544,0.9936101786368899,0.997480598456893,124792,28945,6,62,0.18271033465862274,0.12872931361198425,124792,0,0
R7_B_KITHE,DOS_synflooding,0.46727694002354997,0.4701637102594295,0.5911986119609278,0.6092150413838443,124792,26327,6,60,0.06272024502078027,0.03430411282701336,112864,11928,43
R7_B_KITHE,Hakai,0.0,0.0,0.1552853719429888,0.5258215474215012,124792,23623,1,1,0.328228583258271,0.328228583258271,112864,11928,0
R7_B_KITHE,Hide_and_seek,0.0,0.0,0.769734191720507,0.9444185360146835,124792,23334,1,1,0.328228583258271,0.328228583258271,112864,11928,115
R7_B_KITHE,MITM,0.6154682779456193,0.7453172205438067,0.9781220435199759,0.9886147847904109,124792,33100,6,62,0.062364824439785575,0.03409734377716912,112864,11928,84
R7_B_KITHE,Muhstik,0.0,0.0002420604182804028,0.7399283147320069,0.9286899880875052,124792,20656,1,60,0.328228583258271,0.03464475219927706,112864,11928,42
R7_B_KITHE,Okiru,0.9454455596107056,0.9584854014598541,0.9979538949236281,0.9992879185027145,124792,26304,6,60,0.062428759815712415,0.03432239754724992,112864,11928,0
R7_B_KITHE,Password_attack,0.6812320389064918,0.7481762581976273,0.976840265974155,0.9922568972174458,124792,27142,6,62,0.06237306320482829,0.03409937351961088,112864,11928,0
R7_B_KITHE,Ransomware,0.004807256235827664,0.009523809523809525,0.18110059705309792,0.765030485921317,124792,11025,6,61,0.06345809672930176,0.03418192117018031,112864,11928,0
R7_B_KITHE,SQL_injection,0.876805653158429,0.9020847973764348,0.9923788606186797,0.9953190186865571,124792,51228,6,62,0.062433947360072496,0.034105155133048744,112864,11928,11
R7_B_KITHE,Sparta,0.9449092758473603,0.9465826688978574,0.9850998771368425,0.9929045568667159,124792,30477,6,60,0.06292689094116004,0.03426683370240394,112864,11928,0
R7_B_KITHE,Torii,0.00044805990063027094,0.0007467665010504515,0.3250107346886657,0.29380154356024596,124792,100433,5,60,0.06859581514218452,0.034721381694419295,112864,11928,2349
R7_B_KITHE,UDP_scan,0.0,0.001755096530309167,0.5394396372260613,0.9516056832786038,124792,7407,1,60,0.328228583258271,0.03447818667540517,112864,11928,0
R7_B_KITHE,Uploading_attack,0.7929651178236498,0.8396429425360644,0.9941909549564711,0.9974308352416613,124792,37641,6,62,0.06240324976719453,0.03410273669666848,112864,11928,0
R7_B_KITHE,Vulnerability_scanner,0.8122675908877577,0.8496335607783675,0.9950428211267401,0.9985702648428617,124792,27699,6,62,0.06238083029177509,0.034117269542592685,112864,11928,0
R7_B_KITHE,XSS_attack,0.0,0.0,0.32935960380570595,0.8677693890985924,124792,16213,1,1,0.328228583258271,0.328228583258271,112864,11928,0
R7_B_KITHE,bruteforce,0.13665860796539,0.6033846545362005,0.7616017454481532,0.938003296831901,124792,7859,6,16,0.062356866950275744,0.04996363492364148,112864,11928,0
R7_B_KITHE,http_ddos,0.6742788046294697,0.7443427189497323,0.9846040370608486,0.9952771600923036,124792,28945,6,62,0.06235578258371221,0.03410174400956014,112864,11928,0
R8_B_KIT,DOS_synflooding,0.46735290766133625,0.47023967789721577,0.5851749016183112,0.5713426427479531,124792,26327,6,62,0.06272024502078027,0.03430411282701336,124792,0,0
R8_B_KIT,Hakai,0.0,0.0,0.14938267860595164,0.4995274797382219,124792,23623,1,1,0.328228583258271,0.328228583258271,124792,0,0
R8_B_KIT,Hide_and_seek,0.0,0.0,0.7642023824704326,0.9446282443591003,124792,23334,1,1,0.328228583258271,0.328228583258271,124792,0,0
R8_B_KIT,MITM,0.6156193353474321,0.7451057401812688,0.9790799146097111,0.9903127040252986,124792,33100,6,62,0.062364824439785575,0.0342168851342269,124792,0,0
R8_B_KIT,Muhstik,0.0,0.0002420604182804028,0.7332709900738498,0.9263816287746651,124792,20656,1,62,0.328228583258271,0.03464475219927706,124792,0,0
R8_B_KIT,Okiru,0.9454455596107056,0.9584854014598541,0.9978716147324562,0.9992405678133573,124792,26304,6,62,0.062428759815712415,0.03432239754724992,124792,0,0
R8_B_KIT,Password_attack,0.6812320389064918,0.7476972957040748,0.9760573079068356,0.9918649609739347,124792,27142,6,62,0.06237306320482829,0.03421701856319999,124792,0,0
R8_B_KIT,Ransomware,0.004807256235827664,0.009342403628117914,0.17510223372535097,0.752751197130347,124792,11025,6,61,0.06345809672930176,0.03490159975520299,124792,0,0
R8_B_KIT,SQL_injection,0.8770203794799719,0.9021238385258062,0.9922860783662323,0.995300164169047,124792,51228,6,62,0.062433947360072496,0.03422091161264308,124792,0,0
R8_B_KIT,Sparta,0.9449092758473603,0.9465826688978574,0.9847540010665752,0.9926087689444059,124792,30477,6,62,0.06292689094116004,0.03426683370240394,124792,0,0
R8_B_KIT,Torii,0.0004580167873109436,0.0007567233877311243,0.3131636128968062,0.24861904551471498,124792,100433,5,62,0.06859581514218452,0.034721381694419295,124792,0,0
R8_B_KIT,UDP_scan,0.0,0.001755096530309167,0.5288164464751586,0.949492662148665,124792,7407,1,62,0.328228583258271,0.03447818667540517,124792,0,0
R8_B_KIT,Uploading_attack,0.7929651178236498,0.8391381737998459,0.9939671590914618,0.997279602053545,124792,37641,6,62,0.06240324976719453,0.03423023078854141,124792,0,0
R8_B_KIT,Vulnerability_scanner,0.8122675908877577,0.8493086393010578,0.9948306524172075,0.9984839098047085,124792,27699,6,62,0.06238083029177509,0.03426828089992255,124792,0,0
R8_B_KIT,XSS_attack,0.0,0.0,0.32033209517690286,0.8604603208693808,124792,16213,1,1,0.328228583258271,0.328228583258271,124792,0,0
R8_B_KIT,bruteforce,0.13665860796539,0.6033846545362005,0.7583132159319367,0.9354930574446615,124792,7859,6,16,0.062356866950275744,0.04996363492364148,124792,0,0
R8_B_KIT,http_ddos,0.6742788046294697,0.7441354292623942,0.9840204180668568,0.9950545574479569,124792,28945,6,62,0.06235578258371221,0.034235671808147634,124792,0,0
