model,corpus_train,corpus_eval,attack,tau_kind,tau,fpr_realized,n_fp,n_benign,tpr,tpr_oracle,thr_oracle
HorusEye,A,A,benign,calib_5e5,0.11354285457432,4.472700552697997e-05,7.0,156505.0,,,
HorusEye,A,A,DOS_synflooding,calib_5e5,0.11354285457432,4.472700552697997e-05,,,0.4657575872678239,0.4658335549056102,0.1129750832915306
HorusEye,A,A,Hakai,calib_5e5,0.11354285457432,4.472700552697997e-05,,,0.0,0.0,0.2775416076183319
HorusEye,A,A,Hide_and_seek,calib_5e5,0.11354285457432,4.472700552697997e-05,,,0.0,0.0,0.2775416076183319
HorusEye,A,A,MITM,calib_5e5,0.11354285457432,4.472700552697997e-05,,,0.002870090634441088,0.0029607250755287,0.1130212843418121
HorusEye,A,A,Muhstik,calib_5e5,0.11354285457432,4.472700552697997e-05,,,0.0,0.0,0.2775416076183319
HorusEye,A,A,Okiru,calib_5e5,0.11354285457432,4.472700552697997e-05,,,0.6889446472019465,0.6957877128953771,0.1128701269626617
HorusEye,A,A,Password_attack,calib_5e5,0.11354285457432,4.472700552697997e-05,,,0.0,0.0,0.2775416076183319
HorusEye,A,A,Ransomware,calib_5e5,0.11354285457432,4.472700552697997e-05,,,0.005442176870748299,0.0054421768707482,0.1144865006208419
HorusEye,A,A,SQL_injection,calib_5e5,0.11354285457432,4.472700552697997e-05,,,0.0,0.0,0.2775416076183319
HorusEye,A,A,Sparta,calib_5e5,0.11354285457432,4.472700552697997e-05,,,0.935492338484759,0.9355907733700825,0.113140694797039
HorusEye,A,A,Torii,calib_5e5,0.11354285457432,4.472700552697997e-05,,,0.0006870251809664154,0.0006870251809664,0.1175388470292091
HorusEye,A,A,UDP_scan,calib_5e5,0.11354285457432,4.472700552697997e-05,,,0.001215066828675577,0.0016200891049007,0.1132543012499809
HorusEye,A,A,Uploading_attack,calib_5e5,0.11354285457432,4.472700552697997e-05,,,0.27443479184931324,0.2774634042666241,0.1128699406981468
HorusEye,A,A,Vulnerability_scanner,calib_5e5,0.11354285457432,4.472700552697997e-05,,,0.002274450341167551,0.0023827575002707,0.113000638782978
HorusEye,A,A,XSS_attack,calib_5e5,0.11354285457432,4.472700552697997e-05,,,0.0,0.0,0.2775416076183319
HorusEye,A,A,bruteforce,calib_5e5,0.11354285457432,4.472700552697997e-05,,,0.0,0.0,0.2775416076183319
HorusEye,A,A,http_ddos,calib_5e5,0.11354285457432,4.472700552697997e-05,,,0.2832613577474521,0.2854033511832786,0.1128802672028541
HorusEye,A,A,benign,calib_5e4,0.07639566854388095,0.0006900737995591195,108.0,156505.0,,,
HorusEye,A,A,DOS_synflooding,calib_5e4,0.07639566854388095,0.0006900737995591195,,,0.47506362289664605,0.4716070953773692,0.0821036398410797
HorusEye,A,A,Hakai,calib_5e4,0.07639566854388095,0.0006900737995591195,,,0.0,0.0,0.2775416076183319
HorusEye,A,A,Hide_and_seek,calib_5e4,0.07639566854388095,0.0006900737995591195,,,0.0,0.0,0.2775416076183319
HorusEye,A,A,MITM,calib_5e4,0.07639566854388095,0.0006900737995591195,,,0.010996978851963747,0.0085800604229607,0.0820925459265708
HorusEye,A,A,Muhstik,calib_5e4,0.07639566854388095,0.0006900737995591195,,,0.0,0.0,0.2775416076183319
HorusEye,A,A,Okiru,calib_5e4,0.07639566854388095,0.0006900737995591195,,,0.9235477493917275,0.9018780413625304,0.0820948481559753
HorusEye,A,A,Password_attack,calib_5e4,0.07639566854388095,0.0006900737995591195,,,0.0,0.0,0.2775416076183319
HorusEye,A,A,Ransomware,calib_5e4,0.07639566854388095,0.0006900737995591195,,,0.007437641723356009,0.0070748299319727,0.0840485021471977
HorusEye,A,A,SQL_injection,calib_5e4,0.07639566854388095,0.0006900737995591195,,,0.0,0.0,0.2775416076183319
HorusEye,A,A,Sparta,calib_5e4,0.07639566854388095,0.0006900737995591195,,,0.9432358827968632,0.9416281130032484,0.0821129530668258
HorusEye,A,A,Torii,calib_5e4,0.07639566854388095,0.0006900737995591195,,,0.0012346539484034131,0.001125128194916,0.0823857337236404
HorusEye,A,A,UDP_scan,calib_5e4,0.07639566854388095,0.0006900737995591195,,,0.03847711624139328,0.0271364925070878,0.0821378156542778
HorusEye,A,A,Uploading_attack,calib_5e4,0.07639566854388095,0.0006900737995591195,,,0.48943970670279746,0.4422039797029835,0.0820911675691604
HorusEye,A,A,Vulnerability_scanner,calib_5e4,0.07639566854388095,0.0006900737995591195,,,0.03574136250406152,0.0177984764792952,0.0821015983819961
HorusEye,A,A,XSS_attack,calib_5e4,0.07639566854388095,0.0006900737995591195,,,0.0,0.0,0.2775416076183319
HorusEye,A,A,bruteforce,calib_5e4,0.07639566854388095,0.0006900737995591195,,,0.6033846545362005,0.5963863086906731,0.0821617841720581
HorusEye,A,A,http_ddos,calib_5e4,0.07639566854388095,0.0006900737995591195,,,0.4403869407496977,0.4082915874935222,0.0820931866765022
HorusEye,A,B,benign,calib_5e5,0.11354285457432,0.0006891467401756523,86.0,124792.0,,,
HorusEye,A,B,benign,calib_5e4,0.07639566854388095,0.0034858003718187063,435.0,124792.0,,,
Magnifier,A,A,benign,calib_5e5,0.14317753411455952,3.8337433308839976e-05,6.0,156505.0,,,
Magnifier,A,A,DOS_synflooding,calib_5e5,0.14317753411455952,3.8337433308839976e-05,,,0.45892049986705663,0.4610096099061799,0.1333626061677932
Magnifier,A,A,Hakai,calib_5e5,0.14317753411455952,3.8337433308839976e-05,,,0.0,0.0,0.2775416076183319
Magnifier,A,A,Hide_and_seek,calib_5e5,0.14317753411455952,3.8337433308839976e-05,,,0.0,0.0,0.2775416076183319
Magnifier,A,A,MITM,calib_5e5,0.14317753411455952,3.8337433308839976e-05,,,0.0005438066465256798,0.0014199395770392,0.1335667818784713
Magnifier,A,A,Muhstik,calib_5e5,0.14317753411455952,3.8337433308839976e-05,,,0.0,0.0,0.2775416076183319
Magnifier,A,A,Okiru,calib_5e5,0.14317753411455952,3.8337433308839976e-05,,,0.34089872262773724,0.44643400243309,0.133309930562973
Magnifier,A,A,Password_attack,calib_5e5,0.14317753411455952,3.8337433308839976e-05,,,0.0,0.0,0.2775416076183319
Magnifier,A,A,Ransomware,calib_5e5,0.14317753411455952,3.8337433308839976e-05,,,0.0044444444444444444,0.0047165532879818,0.1338129788637161
Magnifier,A,A,SQL_injection,calib_5e5,0.14317753411455952,3.8337433308839976e-05,,,0.0,0.0,0.2775416076183319
Magnifier,A,A,Sparta,calib_5e5,0.14317753411455952,3.8337433308839976e-05,,,0.9294878104800341,0.9310299570167668,0.1333615034818649
Magnifier,A,A,Torii,calib_5e5,0.14317753411455952,3.8337433308839976e-05,,,0.00044805990063027094,0.0004878874473529,0.1360644102096557
Magnifier,A,A,UDP_scan,calib_5e5,0.14317753411455952,3.8337433308839976e-05,,,0.0,0.0,0.2775416076183319
Magnifier,A,A,Uploading_attack,calib_5e5,0.14317753411455952,3.8337433308839976e-05,,,0.17263090778672194,0.1993570840307112,0.1333166658878326
Magnifier,A,A,Vulnerability_scanner,calib_5e5,0.14317753411455952,3.8337433308839976e-05,,,0.0,0.0,0.2775416076183319
Magnifier,A,A,XSS_attack,calib_5e5,0.14317753411455952,3.8337433308839976e-05,,,0.0,0.0,0.2775416076183319
Magnifier,A,A,bruteforce,calib_5e5,0.14317753411455952,3.8337433308839976e-05,,,0.0,0.0,0.2775416076183319
Magnifier,A,A,http_ddos,calib_5e5,0.14317753411455952,3.8337433308839976e-05,,,0.2177923648298497,0.2354810848160304,0.1333411484956741
Magnifier,A,A,benign,calib_5e4,0.09231756770610863,0.00037059518865211974,58.0,156505.0,,,
Magnifier,A,A,DOS_synflooding,calib_5e4,0.09231756770610863,0.00037059518865211974,,,0.46940403388156643,0.4704295969916815,0.0875579267740249
Magnifier,A,A,Hakai,calib_5e4,0.09231756770610863,0.00037059518865211974,,,0.0,0.0,0.2775416076183319
Magnifier,A,A,Hide_and_seek,calib_5e4,0.09231756770610863,0.00037059518865211974,,,0.0,0.0,0.2775416076183319
Magnifier,A,A,MITM,calib_5e4,0.09231756770610863,0.00037059518865211974,,,0.005589123867069486,0.0067673716012084,0.0876482278108596
Magnifier,A,A,Muhstik,calib_5e4,0.09231756770610863,0.00037059518865211974,,,0.0,0.0,0.2775416076183319
Magnifier,A,A,Okiru,calib_5e4,0.09231756770610863,0.00037059518865211974,,,0.8538245133819952,0.8773190389294404,0.0875589400529861
Magnifier,A,A,Password_attack,calib_5e4,0.09231756770610863,0.00037059518865211974,,,0.0,0.0,0.2775416076183319
Magnifier,A,A,Ransomware,calib_5e4,0.09231756770610863,0.00037059518865211974,,,0.006712018140589569,0.0068934240362811,0.0892183631658554
Magnifier,A,A,SQL_injection,calib_5e4,0.09231756770610863,0.00037059518865211974,,,0.0,0.0,0.2775416076183319
Magnifier,A,A,Sparta,calib_5e4,0.09231756770610863,0.00037059518865211974,,,0.9394953571545755,0.9405125176362504,0.0875691771507263
Magnifier,A,A,Torii,calib_5e4,0.09231756770610863,0.00037059518865211974,,,0.0010454731014706321,0.0011052144215546,0.0882095173001289
Magnifier,A,A,UDP_scan,calib_5e4,0.09231756770610863,0.00037059518865211974,,,0.01390576481706494,0.0184960172809504,0.0877217277884483
Magnifier,A,A,Uploading_attack,calib_5e4,0.09231756770610863,0.00037059518865211974,,,0.37156292340798597,0.4019553146834568,0.0875560566782951
Magnifier,A,A,Vulnerability_scanner,calib_5e4,0.09231756770610863,0.00037059518865211974,,,0.009711541932921766,0.0120942994331925,0.0876567289233207
Magnifier,A,A,XSS_attack,calib_5e4,0.09231756770610863,0.00037059518865211974,,,0.0,0.0,0.2775416076183319
Magnifier,A,A,bruteforce,calib_5e4,0.09231756770610863,0.00037059518865211974,,,0.5163506807481868,0.5545234762692455,0.0875677689909935
Magnifier,A,A,http_ddos,calib_5e4,0.09231756770610863,0.00037059518865211974,,,0.35937122128174126,0.3818967006391432,0.0875568687915802
Magnifier,A,B,benign,calib_5e5,0.14317753411455952,0.00022437335726649144,28.0,124792.0,,,
Magnifier,A,B,benign,calib_5e4,0.09231756770610863,0.0015225334957369061,190.0,124792.0,,,
Kitsune,A,A,benign,calib_5e5,0.08017854409939343,4.472700552697997e-05,7.0,156505.0,,,
Kitsune,A,A,DOS_synflooding,calib_5e5,0.08017854409939343,4.472700552697997e-05,,,0.3442473506286322,0.3468682341322596,0.0786971762813324
Kitsune,A,A,Hakai,calib_5e5,0.08017854409939343,4.472700552697997e-05,,,0.0,0.0,0.1346572627759409
Kitsune,A,A,Hide_and_seek,calib_5e5,0.08017854409939343,4.472700552697997e-05,,,0.0,0.0,0.1346572627759409
Kitsune,A,A,MITM,calib_5e5,0.08017854409939343,4.472700552697997e-05,,,0.00021148036253776435,0.0002114803625377,0.0817889147232344
Kitsune,A,A,Muhstik,calib_5e5,0.08017854409939343,4.472700552697997e-05,,,0.0,0.0,0.1346572627759409
Kitsune,A,A,Okiru,calib_5e5,0.08017854409939343,4.472700552697997e-05,,,0.06569343065693431,0.0848920316301703,0.0786908138375506
Kitsune,A,A,Password_attack,calib_5e5,0.08017854409939343,4.472700552697997e-05,,,0.0,0.0,0.1346572627759409
Kitsune,A,A,Ransomware,calib_5e5,0.08017854409939343,4.472700552697997e-05,,,0.0072562358276643995,0.0072562358276643,0.0804481715044879
Kitsune,A,A,SQL_injection,calib_5e5,0.08017854409939343,4.472700552697997e-05,,,0.0,0.0,0.1346572627759409
Kitsune,A,A,Sparta,calib_5e5,0.08017854409939343,4.472700552697997e-05,,,0.8802703678183548,0.881418774813794,0.0787678156248399
Kitsune,A,A,Torii,calib_5e5,0.08017854409939343,4.472700552697997e-05,,,0.0004381030139495982,0.0004381030139495,0.0858449340636253
Kitsune,A,A,UDP_scan,calib_5e5,0.08017854409939343,4.472700552697997e-05,,,0.0,0.0,0.1346572627759409
Kitsune,A,A,Uploading_attack,calib_5e5,0.08017854409939343,4.472700552697997e-05,,,0.14768470550729257,0.1528652267474296,0.0786870923814834
Kitsune,A,A,Vulnerability_scanner,calib_5e5,0.08017854409939343,4.472700552697997e-05,,,0.0,3.610238636773891e-05,0.0788281419228335
Kitsune,A,A,XSS_attack,calib_5e5,0.08017854409939343,4.472700552697997e-05,,,0.0,0.0,0.1346572627759409
Kitsune,A,A,bruteforce,calib_5e5,0.08017854409939343,4.472700552697997e-05,,,0.0,0.0,0.1346572627759409
Kitsune,A,A,http_ddos,calib_5e5,0.08017854409939343,4.472700552697997e-05,,,0.05196061495940577,0.0548281223009155,0.0787185772459279
Kitsune,A,A,benign,calib_5e4,0.0458415863902743,0.00033225775534327976,52.0,156505.0,,,
Kitsune,A,A,DOS_synflooding,calib_5e4,0.0458415863902743,0.00033225775534327976,,,0.40483154176320885,0.4139096744786721,0.0404229043396299
Kitsune,A,A,Hakai,calib_5e4,0.0458415863902743,0.00033225775534327976,,,0.0,0.0,0.1346572627759409
Kitsune,A,A,Hide_and_seek,calib_5e4,0.0458415863902743,0.00033225775534327976,,,0.0,0.0,0.1346572627759409
Kitsune,A,A,MITM,calib_5e4,0.0458415863902743,0.00033225775534327976,,,0.0029003021148036254,0.0038066465256797,0.0406564863444807
Kitsune,A,A,Muhstik,calib_5e4,0.0458415863902743,0.00033225775534327976,,,0.0,0.0,0.1346572627759409
Kitsune,A,A,Okiru,calib_5e4,0.0458415863902743,0.00033225775534327976,,,0.7677539537712895,0.8084321776155717,0.0404117593418748
Kitsune,A,A,Password_attack,calib_5e4,0.0458415863902743,0.00033225775534327976,,,0.0,0.0,0.1346572627759409
Kitsune,A,A,Ransomware,calib_5e4,0.0458415863902743,0.00033225775534327976,,,0.010340136054421769,0.011156462585034,0.0408268151269674
Kitsune,A,A,SQL_injection,calib_5e4,0.0458415863902743,0.00033225775534327976,,,0.0,0.0,0.1346572627759409
Kitsune,A,A,Sparta,calib_5e4,0.0458415863902743,0.00033225775534327976,,,0.9125241985759753,0.9187255963513468,0.0404468133560575
Kitsune,A,A,Torii,calib_5e4,0.0458415863902743,0.00033225775534327976,,,0.0008164647078151604,0.0010156024414286,0.0418078072693193
Kitsune,A,A,UDP_scan,calib_5e4,0.0458415863902743,0.00033225775534327976,,,0.0,0.0,0.1346572627759409
Kitsune,A,A,Uploading_attack,calib_5e4,0.0458415863902743,0.00033225775534327976,,,0.24539730612895513,0.2648707526367524,0.0404112148189155
Kitsune,A,A,Vulnerability_scanner,calib_5e4,0.0458415863902743,0.00033225775534327976,,,0.0029242932957868517,0.0041878768186577,0.0404712473051253
Kitsune,A,A,XSS_attack,calib_5e4,0.0458415863902743,0.00033225775534327976,,,0.0,0.0,0.1346572627759409
Kitsune,A,A,bruteforce,calib_5e4,0.0458415863902743,0.00033225775534327976,,,0.0,0.0,0.1346572627759409
Kitsune,A,A,http_ddos,calib_5e4,0.0458415863902743,0.00033225775534327976,,,0.17965106235964762,0.2106408706166868,0.040411800140214
Kitsune,A,B,benign,calib_5e5,0.08017854409939343,0.0009055067632540547,113.0,124792.0,,,
Kitsune,A,B,benign,calib_5e4,0.0458415863902743,0.005761587281235977,719.0,124792.0,,,
HorusEye,B,B,benign,calib_5e5,0.1857319820180504,2.404000256426694e-05,3.0,124792.0,,,
HorusEye,B,B,DOS_synflooding,calib_5e5,0.1857319820180504,2.404000256426694e-05,,,0.47153112773958294,0.4722528202985528,0.1762450039386749
HorusEye,B,B,Hakai,calib_5e5,0.1857319820180504,2.404000256426694e-05,,,0.0,0.0,0.3518777787685394
HorusEye,B,B,Hide_and_seek,calib_5e5,0.1857319820180504,2.404000256426694e-05,,,0.0,0.0,0.3518777787685394
HorusEye,B,B,MITM,calib_5e5,0.1857319820180504,2.404000256426694e-05,,,0.7060422960725076,0.7298187311178248,0.1762346923351287
HorusEye,B,B,Muhstik,calib_5e5,0.1857319820180504,2.404000256426694e-05,,,0.0,0.0,0.3518777787685394
HorusEye,B,B,Okiru,calib_5e5,0.1857319820180504,2.404000256426694e-05,,,0.9844510340632603,0.9863518856447688,0.1765675842761993
HorusEye,B,B,Password_attack,calib_5e5,0.1857319820180504,2.404000256426694e-05,,,0.7637241176037138,0.7782403654852259,0.1762217581272125
HorusEye,B,B,Ransomware,calib_5e5,0.1857319820180504,2.404000256426694e-05,,,0.0045351473922902496,0.0045351473922902,0.1898589134216308
HorusEye,B,B,SQL_injection,calib_5e5,0.1857319820180504,2.404000256426694e-05,,,0.8949402670414617,0.9010892480674632,0.176237866282463
HorusEye,B,B,Sparta,calib_5e5,0.1857319820180504,2.404000256426694e-05,,,0.9455326967877415,0.946188929356564,0.1774858683347702
HorusEye,B,B,Torii,calib_5e5,0.1857319820180504,2.404000256426694e-05,,,0.00044805990063027094,0.0004779305606722,0.178073912858963
HorusEye,B,B,UDP_scan,calib_5e5,0.1857319820180504,2.404000256426694e-05,,,0.16214391791548535,0.1868502767652221,0.1762426197528839
HorusEye,B,B,Uploading_attack,calib_5e5,0.1857319820180504,2.404000256426694e-05,,,0.7429133126112484,0.7559044658749767,0.1762296110391616
HorusEye,B,B,Vulnerability_scanner,calib_5e5,0.1857319820180504,2.404000256426694e-05,,,0.8637495938481533,0.8817285822592873,0.1762735843658447
HorusEye,B,B,XSS_attack,calib_5e5,0.1857319820180504,2.404000256426694e-05,,,0.0,0.0,0.3518777787685394
HorusEye,B,B,bruteforce,calib_5e5,0.1857319820180504,2.404000256426694e-05,,,0.09212367985748823,0.1581626161089197,0.1765731871128082
HorusEye,B,B,http_ddos,calib_5e5,0.1857319820180504,2.404000256426694e-05,,,0.7214372084988772,0.7427189497322508,0.1762243211269378
HorusEye,B,B,benign,calib_5e4,0.15163967192918046,0.0001522533495736906,19.0,124792.0,,,
HorusEye,B,B,DOS_synflooding,calib_5e4,0.15163967192918046,0.0001522533495736906,,,0.4743799141565693,0.4790899076993201,0.1251106560230255
HorusEye,B,B,Hakai,calib_5e4,0.15163967192918046,0.0001522533495736906,,,0.0,0.0,0.3518777787685394
HorusEye,B,B,Hide_and_seek,calib_5e4,0.15163967192918046,0.0001522533495736906,,,0.0,0.0,0.3518777787685394
HorusEye,B,B,MITM,calib_5e4,0.15163967192918046,0.0001522533495736906,,,0.7866163141993958,0.8405740181268883,0.1252177953720092
HorusEye,B,B,Muhstik,calib_5e4,0.15163967192918046,0.0001522533495736906,,,0.0,0.0,0.3518777787685394
HorusEye,B,B,Okiru,calib_5e4,0.15163967192918046,0.0001522533495736906,,,0.9907618613138686,0.9941453771289538,0.1255859434604644
HorusEye,B,B,Password_attack,calib_5e4,0.15163967192918046,0.0001522533495736906,,,0.8144204553828016,0.8536216933166311,0.1250852197408676
HorusEye,B,B,Ransomware,calib_5e4,0.15163967192918046,0.0001522533495736906,,,0.0058956916099773245,0.0067120181405895,0.128604844212532
HorusEye,B,B,SQL_injection,calib_5e4,0.15163967192918046,0.0001522533495736906,,,0.9161981728742095,0.939544780198329,0.1250742971897125
HorusEye,B,B,Sparta,calib_5e4,0.15163967192918046,0.0001522533495736906,,,0.947862322407061,0.9498966433704104,0.1252479404211044
HorusEye,B,B,Torii,calib_5e4,0.15163967192918046,0.0001522533495736906,,,0.0005974132008403612,0.0007666802744117,0.1251371353864669
HorusEye,B,B,UDP_scan,calib_5e4,0.15163967192918046,0.0001522533495736906,,,0.24382341028756582,0.3025516403402187,0.1251082569360733
HorusEye,B,B,Uploading_attack,calib_5e4,0.15163967192918046,0.0001522533495736906,,,0.7978534045322919,0.8872240376185543,0.1250708252191543
HorusEye,B,B,Vulnerability_scanner,calib_5e4,0.15163967192918046,0.0001522533495736906,,,0.925195855446045,0.9511534712444492,0.1251364946365356
HorusEye,B,B,XSS_attack,calib_5e4,0.15163967192918046,0.0001522533495736906,,,0.0,0.0,0.3518777787685394
HorusEye,B,B,bruteforce,calib_5e4,0.15163967192918046,0.0001522533495736906,,,0.19798956610255758,0.3944522203842728,0.125089943408966
HorusEye,B,B,http_ddos,calib_5e4,0.15163967192918046,0.0001522533495736906,,,0.7971324926584903,0.8580065641734324,0.1251438558101654
HorusEye,B,A,benign,calib_5e5,0.1857319820180504,0.22824190920417878,35721.0,156505.0,,,
HorusEye,B,A,benign,calib_5e4,0.15163967192918046,0.23603079773809144,36940.0,156505.0,,,
Magnifier,B,B,benign,calib_5e5,0.19620697143002142,1.602666837617796e-05,2.0,124792.0,,,
Magnifier,B,B,DOS_synflooding,calib_5e5,0.19620697143002142,1.602666837617796e-05,,,0.4709233866372925,0.4717590306529418,0.1832410246133804
Magnifier,B,B,Hakai,calib_5e5,0.19620697143002142,1.602666837617796e-05,,,0.0,0.0,0.3518777787685394
Magnifier,B,B,Hide_and_seek,calib_5e5,0.19620697143002142,1.602666837617796e-05,,,0.0,0.0,0.3518777787685394
Magnifier,B,B,MITM,calib_5e5,0.19620697143002142,1.602666837617796e-05,,,0.6797583081570997,0.7140483383685801,0.1827033758163452
Magnifier,B,B,Muhstik,calib_5e5,0.19620697143002142,1.602666837617796e-05,,,0.0,0.0,0.3518777787685394
Magnifier,B,B,Okiru,calib_5e5,0.19620697143002142,1.602666837617796e-05,,,0.9820559610705596,0.9851733576642336,0.1827418059110641
Magnifier,B,B,Password_attack,calib_5e5,0.19620697143002142,1.602666837617796e-05,,,0.7476972957040748,0.7682189963893596,0.182756170630455
Magnifier,B,B,Ransomware,calib_5e5,0.19620697143002142,1.602666837617796e-05,,,0.004353741496598639,0.0045351473922902,0.1898589134216308
Magnifier,B,B,SQL_injection,calib_5e5,0.19620697143002142,1.602666837617796e-05,,,0.8858436792379167,0.8974389006012337,0.1827190071344375
Magnifier,B,B,Sparta,calib_5e5,0.19620697143002142,1.602666837617796e-05,,,0.9449092758473603,0.9457623781868294,0.1827458888292312
Magnifier,B,B,Torii,calib_5e5,0.19620697143002142,1.602666837617796e-05,,,0.0004381030139495982,0.0004580167873109,0.1870582699775695
Magnifier,B,B,UDP_scan,calib_5e5,0.19620697143002142,1.602666837617796e-05,,,0.1333873363034967,0.1699743485891724,0.1827837824821472
Magnifier,B,B,Uploading_attack,calib_5e5,0.19620697143002142,1.602666837617796e-05,,,0.7256449084774581,0.7476421986663478,0.1827297359704971
Magnifier,B,B,Vulnerability_scanner,calib_5e5,0.19620697143002142,1.602666837617796e-05,,,0.8431712336185422,0.870428535326185,0.1827493458986282
Magnifier,B,B,XSS_attack,calib_5e5,0.19620697143002142,1.602666837617796e-05,,,0.0,0.0,0.3518777787685394
Magnifier,B,B,bruteforce,calib_5e5,0.19620697143002142,1.602666837617796e-05,,,0.03206514823768927,0.1202443058913347,0.1827203631401062
Magnifier,B,B,http_ddos,calib_5e5,0.19620697143002142,1.602666837617796e-05,,,0.7002936603903955,0.7278977370875799,0.1827103346586227
Magnifier,B,B,benign,calib_5e4,0.15482514328509714,0.00017629335213795757,22.0,124792.0,,,
Magnifier,B,B,DOS_synflooding,calib_5e4,0.15482514328509714,0.00017629335213795757,,,0.47434193033767613,0.4779124093136324,0.1287454962730407
Magnifier,B,B,Hakai,calib_5e4,0.15482514328509714,0.00017629335213795757,,,0.0,0.0,0.3518777787685394
Magnifier,B,B,Hide_and_seek,calib_5e4,0.15482514328509714,0.00017629335213795757,,,0.0,0.0,0.3518777787685394
Magnifier,B,B,MITM,calib_5e4,0.15482514328509714,0.00017629335213795757,,,0.779546827794562,0.8353474320241692,0.1286913305521011
Magnifier,B,B,Muhstik,calib_5e4,0.15482514328509714,0.00017629335213795757,,,0.0,0.0,0.3518777787685394
Magnifier,B,B,Okiru,calib_5e4,0.15482514328509714,0.00017629335213795757,,,0.9902296228710462,0.9938412408759124,0.1291105449199676
Magnifier,B,B,Password_attack,calib_5e4,0.15482514328509714,0.00017629335213795757,,,0.8103308525532386,0.848611008768698,0.1287035793066024
Magnifier,B,B,Ransomware,calib_5e4,0.15482514328509714,0.00017629335213795757,,,0.005714285714285714,0.0066213151927437,0.1295936405658722
Magnifier,B,B,SQL_injection,calib_5e4,0.15482514328509714,0.00017629335213795757,,,0.9145194034512376,0.936636214570157,0.128687709569931
Magnifier,B,B,Sparta,calib_5e4,0.15482514328509714,0.00017629335213795757,,,0.9477310758932966,0.949535715457558,0.1290774047374725
Magnifier,B,B,Torii,calib_5e4,0.15482514328509714,0.00017629335213795757,,,0.0005675425407983432,0.0007368096143697,0.1294941753149032
Magnifier,B,B,UDP_scan,calib_5e4,0.15482514328509714,0.00017629335213795757,,,0.23707303901714594,0.2935061428378561,0.1289373636245727
Magnifier,B,B,Uploading_attack,calib_5e4,0.15482514328509714,0.00017629335213795757,,,0.7903350070401955,0.8767035944847373,0.1286831796169281
Magnifier,B,B,Vulnerability_scanner,calib_5e4,0.15482514328509714,0.00017629335213795757,,,0.9223076645366258,0.9480847684031914,0.128698855638504
Magnifier,B,B,XSS_attack,calib_5e4,0.15482514328509714,0.00017629335213795757,,,0.0,0.0,0.3518777787685394
Magnifier,B,B,bruteforce,calib_5e4,0.15482514328509714,0.00017629335213795757,,,0.18526530092887136,0.3760020358824278,0.1287104040384292
Magnifier,B,B,http_ddos,calib_5e4,0.15482514328509714,0.00017629335213795757,,,0.7900846432889964,0.8506823285541544,0.1287293136119842
Magnifier,B,A,benign,calib_5e5,0.19620697143002142,0.2940033864732756,46013.0,156505.0,,,
Magnifier,B,A,benign,calib_5e4,0.15482514328509714,0.30795821219769337,48197.0,156505.0,,,
Kitsune,B,B,benign,calib_5e5,0.11033493065540557,1.602666837617796e-05,2.0,124792.0,,,
Kitsune,B,B,DOS_synflooding,calib_5e5,0.11033493065540557,1.602666837617796e-05,,,0.4636684772287006,0.4673529076613362,0.0627202450207802
Kitsune,B,B,Hakai,calib_5e5,0.11033493065540557,1.602666837617796e-05,,,0.0,0.0,0.328228583258271
Kitsune,B,B,Hide_and_seek,calib_5e5,0.11033493065540557,1.602666837617796e-05,,,0.0,0.0,0.328228583258271
Kitsune,B,B,MITM,calib_5e5,0.11033493065540557,1.602666837617796e-05,,,0.4862537764350453,0.6156193353474321,0.0623648244397855
Kitsune,B,B,Muhstik,calib_5e5,0.11033493065540557,1.602666837617796e-05,,,0.0,0.0,0.328228583258271
Kitsune,B,B,Okiru,calib_5e5,0.11033493065540557,1.602666837617796e-05,,,0.9212667274939172,0.9454455596107056,0.0624287598157124
Kitsune,B,B,Password_attack,calib_5e5,0.11033493065540557,1.602666837617796e-05,,,0.5427013484636357,0.6812320389064918,0.0623730632048282
Kitsune,B,B,Ransomware,calib_5e5,0.11033493065540557,1.602666837617796e-05,,,0.0010884353741496598,0.0048072562358276,0.0634580967293017
Kitsune,B,B,SQL_injection,calib_5e5,0.11033493065540557,1.602666837617796e-05,,,0.8395408760833919,0.8770203794799719,0.0624339473600724
Kitsune,B,B,Sparta,calib_5e5,0.11033493065540557,1.602666837617796e-05,,,0.9416609246316895,0.9449092758473604,0.06292689094116
Kitsune,B,B,Torii,calib_5e5,0.11033493065540557,1.602666837617796e-05,,,0.00037836169386556214,0.0004580167873109,0.0685958151421845
Kitsune,B,B,UDP_scan,calib_5e5,0.11033493065540557,1.602666837617796e-05,,,0.0,0.0,0.328228583258271
Kitsune,B,B,Uploading_attack,calib_5e5,0.11033493065540557,1.602666837617796e-05,,,0.738609494965596,0.7929651178236498,0.0624032497671945
Kitsune,B,B,Vulnerability_scanner,calib_5e5,0.11033493065540557,1.602666837617796e-05,,,0.7072457489440052,0.8122675908877577,0.062380830291775
Kitsune,B,B,XSS_attack,calib_5e5,0.11033493065540557,1.602666837617796e-05,,,0.0,0.0,0.328228583258271
Kitsune,B,B,bruteforce,calib_5e5,0.11033493065540557,1.602666837617796e-05,,,0.0,0.13665860796539,0.0623568669502757
Kitsune,B,B,http_ddos,calib_5e5,0.11033493065540557,1.602666837617796e-05,,,0.5032648125755743,0.6742788046294697,0.0623557825837122
Kitsune,B,B,benign,calib_5e4,0.04646997711809422,0.00014424001538560163,18.0,124792.0,,,
Kitsune,B,B,DOS_synflooding,calib_5e4,0.04646997711809422,0.00014424001538560163,,,0.4688342765981692,0.4702396778972157,0.0343041128270133
Kitsune,B,B,Hakai,calib_5e4,0.04646997711809422,0.00014424001538560163,,,0.0,0.0,0.328228583258271
Kitsune,B,B,Hide_and_seek,calib_5e4,0.04646997711809422,0.00014424001538560163,,,0.0,0.0,0.328228583258271
Kitsune,B,B,MITM,calib_5e4,0.04646997711809422,0.00014424001538560163,,,0.6791842900302115,0.7451057401812688,0.0342168851342269
Kitsune,B,B,Muhstik,calib_5e4,0.04646997711809422,0.00014424001538560163,,,0.0,0.0002420604182804,0.034644752199277
Kitsune,B,B,Okiru,calib_5e4,0.04646997711809422,0.00014424001538560163,,,0.9527828467153284,0.958485401459854,0.0343223975472499
Kitsune,B,B,Password_attack,calib_5e4,0.04646997711809422,0.00014424001538560163,,,0.7211332989462825,0.7476972957040748,0.0342170185631999
Kitsune,B,B,Ransomware,calib_5e4,0.04646997711809422,0.00014424001538560163,,,0.006077097505668934,0.0093424036281179,0.0349015997552029
Kitsune,B,B,SQL_injection,calib_5e4,0.04646997711809422,0.00014424001538560163,,,0.8921097837120325,0.9021238385258062,0.034220911612643
Kitsune,B,B,Sparta,calib_5e4,0.04646997711809422,0.00014424001538560163,,,0.9458608130721528,0.9465826688978574,0.0342668337024039
Kitsune,B,B,Torii,calib_5e4,0.04646997711809422,0.00014424001538560163,,,0.0005874563141596886,0.0007567233877311,0.0347213816944192
Kitsune,B,B,UDP_scan,calib_5e4,0.04646997711809422,0.00014424001538560163,,,0.0013500742540839747,0.0017550965303091,0.0344781866754051
Kitsune,B,B,Uploading_attack,calib_5e4,0.04646997711809422,0.00014424001538560163,,,0.8165032809967854,0.8391381737998459,0.0342302307885414
Kitsune,B,B,Vulnerability_scanner,calib_5e4,0.04646997711809422,0.00014424001538560163,,,0.8310769341853497,0.8493086393010578,0.0342682808999225
Kitsune,B,B,XSS_attack,calib_5e4,0.04646997711809422,0.00014424001538560163,,,0.0,0.0,0.328228583258271
Kitsune,B,B,bruteforce,calib_5e4,0.04646997711809422,0.00014424001538560163,,,0.6033846545362005,0.6033846545362005,0.0499636349236414
Kitsune,B,B,http_ddos,calib_5e4,0.04646997711809422,0.00014424001538560163,,,0.7189151839695975,0.7441354292623942,0.0342356718081476
Kitsune,B,A,benign,calib_5e5,0.11033493065540557,0.2658956582856778,41614.0,156505.0,,,
Kitsune,B,A,benign,calib_5e4,0.04646997711809422,0.29587553113319065,46306.0,156505.0,,,
