model,corpus_train,tau_kind,tau,n_validation,n_validation_scored
HorusEye,A,calib_5e5,0.11354285457432,644263,222422
HorusEye,A,calib_5e4,0.07639566854388095,644263,222422
Magnifier,A,calib_5e5,0.14317753411455952,725900,725900
Magnifier,A,calib_5e4,0.09231756770610863,725900,725900
Kitsune,A,calib_5e5,0.08017854409939343,725900,725900
Kitsune,A,calib_5e4,0.0458415863902743,725900,725900
HorusEye,B,calib_5e5,0.1857319820180504,348104,216820
HorusEye,B,calib_5e4,0.15163967192918046,348104,216820
Magnifier,B,calib_5e5,0.19620697143002142,402230,402230
Magnifier,B,calib_5e4,0.15482514328509714,402230,402230
Kitsune,B,calib_5e5,0.11033493065540557,402230,402230
Kitsune,B,calib_5e4,0.04646997711809422,402230,402230
