attack,benign_corpus,n_attack_rows,n_benign_rows,ks_median,ks_max,frac_features_ks_lt_0.1,frac_features_ks_gt_0.5,top5_separating,top5_overlapping
Hakai,A,23623,182799,0.5700393444534209,0.9644016952800162,0.0,0.7,HH_l0.01_mag=0.96; HH_l0.1_mag=0.94; HpHp_l0.01_mag=0.84; HpHp_l0.01_w=0.83; HH_l0.01_std=0.83,HHjit_l1_std=0.27; HpHp_l5_pcc=0.27; HpHp_l3_pcc=0.32; HH_l5_pcc=0.33; HH_l3_pcc=0.36
Torii,A,100433,182799,0.5415323584992606,0.9119743955240801,0.0,0.71,HH_l0.01_mag=0.91; HH_l0.1_mag=0.90; HH_l0.01_rad=0.83; HpHp_l5_mean=0.83; HpHp_l3_mean=0.83,HpHp_l1_pcc=0.16; HpHp_l3_pcc=0.17; HpHp_l5_pcc=0.17; HH_l1_pcc=0.18; HpHp_l5_cov=0.19
Ransomware,A,11030,182799,0.3696585438032232,0.7522222628417223,0.0,0.1,HH_l0.01_pcc=0.75; HH_l0.1_pcc=0.68; HH_l0.1_cov=0.63; HH_l0.01_rad=0.62; HH_l0.1_rad=0.61,HpHp_l0.1_pcc=0.12; HpHp_l1_pcc=0.14; HpHp_l3_pcc=0.16; HH_l5_pcc=0.16; HpHp_l5_pcc=0.16
XSS_attack,A,16215,182799,0.41731484755256504,0.846738990383168,0.0,0.32,HH_l0.01_cov=0.85; HH_l0.01_pcc=0.83; HH_l0.1_cov=0.83; HH_l0.1_pcc=0.71; HH_l1_cov=0.68,MI_l1_mean=0.27; HH_l1_mean=0.27; MI_l5_mean=0.27; HH_l5_mean=0.27; MI_l3_mean=0.27
Muhstik,A,20656,182799,0.513451317002113,0.8801809335463545,0.0,0.54,HH_l0.01_rad=0.88; HH_l0.1_rad=0.85; HpHp_l0.1_rad=0.83; HpHp_l5_rad=0.83; HpHp_l3_rad=0.83,HpHp_l5_pcc=0.24; HHjit_l5_std=0.24; HHjit_l1_std=0.28; HH_l5_pcc=0.29; HpHp_l3_pcc=0.29
Hide_and_seek,A,23334,182799,0.4469681047297732,0.89375071499501,0.0,0.42,HH_l0.01_rad=0.89; HH_l0.01_mag=0.89; HH_l0.1_rad=0.84; MI_l0.01_mean=0.83; HH_l0.01_mean=0.83,HpHp_l3_pcc=0.16; HHjit_l3_std=0.16; HpHp_l5_pcc=0.17; HpHp_l1_pcc=0.18; HHjit_l5_std=0.20
SQL_injection,A,51228,182799,0.6562721586298007,0.9732885486313652,0.0,0.77,HH_l0.01_cov=0.97; HH_l0.1_cov=0.95; HH_l3_cov=0.94; HH_l1_cov=0.94; HH_l5_cov=0.94,HpHp_l0.1_w=0.22; HHjit_l3_std=0.30; HHjit_l5_std=0.35; HpHp_l0.01_w=0.38; HHjit_l1_std=0.40
Okiru,A,26304,182799,0.8404790703266557,0.9999619829683698,0.0,0.82,HH_l0.1_mean=1.00; MI_l0.1_mean=1.00; MI_l3_mean=1.00; HH_l0.01_mean=1.00; MI_l0.01_mean=1.00,HpHp_l5_pcc=0.28; HpHp_l3_pcc=0.32; HH_l5_pcc=0.35; HpHp_l5_cov=0.38; HH_l3_pcc=0.39
Hakai,B,23623,154449,0.6125864867749099,0.9856547194744372,0.0,0.77,HH_l0.01_mag=0.99; HH_l0.01_std=0.94; MI_l0.01_std=0.94; HH_l0.1_mag=0.92; HH_l0.01_rad=0.90,HpHp_l5_pcc=0.21; HH_l5_pcc=0.27; HH_l3_pcc=0.29; HpHp_l3_pcc=0.30; HHjit_l1_std=0.33
Torii,B,100433,154449,0.6070440839825573,0.9219352936474188,0.0,0.7,HH_l0.01_mag=0.92; HH_l0.01_rad=0.89; HH_l0.1_rad=0.89; HH_l0.1_mag=0.89; HH_l1_rad=0.84,HpHp_l3_pcc=0.14; HpHp_l5_pcc=0.16; HH_l5_pcc=0.16; HH_l3_pcc=0.16; HH_l3_cov=0.18
Ransomware,B,11030,154449,0.4181582410168908,0.7850651636792416,0.0,0.23,HH_l0.01_pcc=0.79; HH_l0.01_rad=0.74; HH_l0.1_pcc=0.71; HH_l0.1_rad=0.69; HH_l0.01_cov=0.66,HpHp_l3_cov=0.11; HpHp_l5_cov=0.12; HpHp_l5_pcc=0.12; HH_l1_std=0.14; MI_l1_std=0.14
XSS_attack,B,16215,154449,0.4718541479394307,0.8494107952695964,0.01,0.35,HH_l0.01_pcc=0.85; HH_l0.01_cov=0.79; HpHp_l0.1_mag=0.77; HH_l0.1_cov=0.75; HpHp_l0.01_mag=0.75,HpHp_l0.1_w=0.08; HpHp_l1_rad=0.25; HpHp_l3_rad=0.26; HHjit_l5_mean=0.27; HpHp_l0.1_rad=0.27
Muhstik,B,20656,154449,0.5472323363853813,0.8533157820354759,0.0,0.7,HH_l0.01_w=0.85; MI_l0.01_w=0.85; HH_l0.1_w=0.84; MI_l0.1_w=0.84; HH_l0.01_rad=0.84,HpHp_l5_pcc=0.17; MI_l5_std=0.23; HH_l5_std=0.23; HH_l5_pcc=0.24; HH_l3_pcc=0.26
Hide_and_seek,B,23334,154449,0.5328210772890236,0.916504354339616,0.0,0.54,MI_l0.01_w=0.92; HH_l0.01_w=0.92; HH_l0.01_rad=0.89; HH_l0.1_rad=0.88; HH_l0.01_mag=0.88,HpHp_l3_pcc=0.11; HpHp_l5_pcc=0.14; HpHp_l5_w=0.18; HpHp_l3_w=0.19; HH_l5_pcc=0.20
SQL_injection,B,51228,154449,0.7663142335594936,0.9973329328072221,0.0,0.81,HHjit_l0.01_mean=1.00; HHjit_l0.1_mean=0.98; MI_l0.1_w=0.98; HH_l0.1_w=0.98; HHjit_l0.1_w=0.98,HHjit_l3_std=0.31; HHjit_l1_std=0.36; HHjit_l5_std=0.40; HpHp_l0.01_mean=0.40; HpHp_l0.1_mean=0.41
Okiru,B,26304,154449,0.8964489348419786,0.9993002519422352,0.0,0.86,HH_l0.01_rad=1.00; HH_l0.1_rad=1.00; HHjit_l0.01_mean=1.00; HHjit_l0.1_mean=1.00; HHjit_l1_mean=1.00,HpHp_l5_pcc=0.21; HH_l5_pcc=0.28; HpHp_l3_pcc=0.31; HH_l3_pcc=0.32; HpHp_l5_cov=0.38
