corpus,detector,attack,metric,point,lo,hi
A,HorusEye,DOS_synflooding,tpr_5e5,0.46583355490561024,0.45282565637758565,0.473783675120098
A,HorusEye,DOS_synflooding,roc_auc,0.7448844280148548,0.6675791713221182,0.8265293676279218
A,HorusEye,Hakai,tpr_5e5,0.0,0.0,0.0
A,HorusEye,Hakai,roc_auc,0.5186295769224534,0.3709670618865284,0.6809557029628609
A,HorusEye,Hide_and_seek,tpr_5e5,0.0,0.0,0.0
A,HorusEye,Hide_and_seek,roc_auc,0.595966613343285,0.4661106028772423,0.7221506148888042
A,HorusEye,MITM,tpr_5e5,0.002960725075528701,0.0006766901124439587,0.023860471891380783
A,HorusEye,MITM,roc_auc,0.9270071525566348,0.8830216056988839,0.9667243715876294
A,HorusEye,Muhstik,tpr_5e5,0.0,0.0,0.0
A,HorusEye,Muhstik,roc_auc,0.6471238642640555,0.5240896196503084,0.7573509735490405
A,HorusEye,Okiru,tpr_5e5,0.6957877128953771,0.40943788450952584,0.7883436123734333
A,HorusEye,Okiru,roc_auc,0.9989552134857519,0.9984397828670777,0.9993283553368282
A,HorusEye,Password_attack,tpr_5e5,0.0,0.0,0.0
A,HorusEye,Password_attack,roc_auc,0.95672445812116,0.931099399161098,0.9739940163799836
A,HorusEye,Ransomware,tpr_5e5,0.005442176870748299,0.0028657905145382614,0.022266621123946628
A,HorusEye,Ransomware,roc_auc,0.7571663012222556,0.6522453443746652,0.8624682832654372
A,HorusEye,SQL_injection,tpr_5e5,0.0,0.0,0.0
A,HorusEye,SQL_injection,roc_auc,0.9526068261001887,0.9256474161338352,0.9716917455678872
A,HorusEye,Sparta,tpr_5e5,0.9355907733700823,0.9203496936974397,0.9459192646682112
A,HorusEye,Sparta,roc_auc,0.9862955402820592,0.981357752515974,0.9907683849649203
A,HorusEye,Torii,tpr_5e5,0.0006870251809664154,0.0003217361924480766,0.001068079740029258
A,HorusEye,Torii,roc_auc,0.48159441583694496,0.3283159136353202,0.6448843005718987
A,HorusEye,UDP_scan,tpr_5e5,0.0016200891049007696,0.0,0.013888190744467368
A,HorusEye,UDP_scan,roc_auc,0.7589801596622717,0.675365804576935,0.8318308177420545
A,HorusEye,Uploading_attack,tpr_5e5,0.27746340426662414,0.186500583331144,0.31494173241083473
A,HorusEye,Uploading_attack,roc_auc,0.9921422824597795,0.9883813407972057,0.9948703180257293
A,HorusEye,Vulnerability_scanner,tpr_5e5,0.002382757500270768,0.0,0.007097066491839308
A,HorusEye,Vulnerability_scanner,roc_auc,0.9618277377904335,0.939738423822125,0.9771546070737797
A,HorusEye,XSS_attack,tpr_5e5,0.0,0.0,0.0
A,HorusEye,XSS_attack,roc_auc,0.700145110050194,0.5747188840752767,0.8047623167409349
A,HorusEye,bruteforce,tpr_5e5,0.0,0.0,0.030997129393699113
A,HorusEye,bruteforce,roc_auc,0.8173396847366856,0.4284385501012922,0.9282543392208713
A,HorusEye,http_ddos,tpr_5e5,0.28540335118327864,0.2280817040724561,0.31962036231932944
A,HorusEye,http_ddos,roc_auc,0.9872344273064997,0.980733754758984,0.9919782032389104
A,Kitsune,DOS_synflooding,tpr_5e5,0.34686823413225965,0.26500316733847606,0.3802545545011139
A,Kitsune,DOS_synflooding,roc_auc,0.5621982711732969,0.5391328526430522,0.5892262461481775
A,Kitsune,Hakai,tpr_5e5,0.0,0.0,0.0
A,Kitsune,Hakai,roc_auc,0.1289944453119596,0.07903838803031331,0.20022966193690397
A,Kitsune,Hide_and_seek,tpr_5e5,0.0,0.0,0.0
A,Kitsune,Hide_and_seek,roc_auc,0.7243846429701383,0.6564714297394971,0.7834152108680152
A,Kitsune,MITM,tpr_5e5,0.00021148036253776435,0.0,0.004385581778366249
A,Kitsune,MITM,roc_auc,0.7186243388071634,0.6269872005350909,0.9382021025407876
A,Kitsune,Muhstik,tpr_5e5,0.0,0.0,0.0
A,Kitsune,Muhstik,roc_auc,0.697709772971966,0.626218655539522,0.7640285569100274
A,Kitsune,Okiru,tpr_5e5,0.08489203163017031,0.0,0.3787851724042177
A,Kitsune,Okiru,roc_auc,0.9956670866430657,0.9931126064949254,0.9974446883501886
A,Kitsune,Password_attack,tpr_5e5,0.0,0.0,0.0
A,Kitsune,Password_attack,roc_auc,0.6313285853144583,0.5642832692331375,0.6932346910757864
A,Kitsune,Ransomware,tpr_5e5,0.0072562358276643995,0.0033743015442473418,0.028233738080916004
A,Kitsune,Ransomware,roc_auc,0.7038915551950735,0.6240490161991714,0.7762944159872
A,Kitsune,SQL_injection,tpr_5e5,0.0,0.0,0.0
A,Kitsune,SQL_injection,roc_auc,0.8960642126014583,0.8366966058951961,0.9409833499120209
A,Kitsune,Sparta,tpr_5e5,0.881418774813794,0.8417982390808636,0.9028577755375661
A,Kitsune,Sparta,roc_auc,0.9895076982830078,0.9854033996951485,0.992564675410541
A,Kitsune,Torii,tpr_5e5,0.0004381030139495982,0.00019617387426784183,0.0007360876006892507
A,Kitsune,Torii,roc_auc,0.07609897334694442,0.043509416537696466,0.12105521644968684
A,Kitsune,UDP_scan,tpr_5e5,0.0,0.0,0.0
A,Kitsune,UDP_scan,roc_auc,0.8956980697578506,0.8415919715133525,0.9379983364509435
A,Kitsune,Uploading_attack,tpr_5e5,0.15286522674742967,0.0,0.20524969746984548
A,Kitsune,Uploading_attack,roc_auc,0.9527678508279175,0.932919066366289,0.9680534454046558
A,Kitsune,Vulnerability_scanner,tpr_5e5,3.610238636773891e-05,0.0,0.00044830195165187727
A,Kitsune,Vulnerability_scanner,roc_auc,0.8536561936032493,0.7999754955985336,0.8964400379238885
A,Kitsune,XSS_attack,tpr_5e5,0.0,0.0,0.0
A,Kitsune,XSS_attack,roc_auc,0.7007425813595496,0.6360611969628518,0.7587964675715599
A,Kitsune,bruteforce,tpr_5e5,0.0,0.0,0.0
A,Kitsune,bruteforce,roc_auc,0.7682716836025629,0.360380193194904,0.9035001714450781
A,Kitsune,http_ddos,tpr_5e5,0.05482812230091553,0.028435453419278167,0.10112969016043231
A,Kitsune,http_ddos,roc_auc,0.9392348893998327,0.9111785260454307,0.9608855224447207
A,Magnifier,DOS_synflooding,tpr_5e5,0.46100960990617995,0.4427051935487742,0.4707522359008913
A,Magnifier,DOS_synflooding,roc_auc,0.5691564809767513,0.5372125899050771,0.6099252613447763
A,Magnifier,Hakai,tpr_5e5,0.0,0.0,0.0
A,Magnifier,Hakai,roc_auc,0.18953954728324215,0.1133308421502454,0.2714754761433449
A,Magnifier,Hide_and_seek,tpr_5e5,0.0,0.0,0.0
A,Magnifier,Hide_and_seek,roc_auc,0.31671122211708114,0.23149601936688635,0.39566337405653823
A,Magnifier,MITM,tpr_5e5,0.001419939577039275,0.0,0.01468320079025913
A,Magnifier,MITM,roc_auc,0.9031303119472164,0.8584830154540227,0.9541201353809137
A,Magnifier,Muhstik,tpr_5e5,0.0,0.0,0.0
A,Magnifier,Muhstik,roc_auc,0.4065727968206855,0.30434317754012774,0.5045983122909781
A,Magnifier,Okiru,tpr_5e5,0.44643400243309,0.02174605201290448,0.7175263281373132
A,Magnifier,Okiru,roc_auc,0.9984351128981832,0.9977973900513066,0.9989246550892055
A,Magnifier,Password_attack,tpr_5e5,0.0,0.0,0.0
A,Magnifier,Password_attack,roc_auc,0.942174233356269,0.9166747254192431,0.9615918827864883
A,Magnifier,Ransomware,tpr_5e5,0.00471655328798186,0.002470354697039978,0.01842376285209151
A,Magnifier,Ransomware,roc_auc,0.6276830879397114,0.5195969862631178,0.7560514414949121
A,Magnifier,SQL_injection,tpr_5e5,0.0,0.0,0.0
A,Magnifier,SQL_injection,roc_auc,0.9376312686461215,0.9109462607168056,0.9583094976893645
A,Magnifier,Sparta,tpr_5e5,0.9310299570167667,0.9140364923065297,0.9432492416804171
A,Magnifier,Sparta,roc_auc,0.9775602273132509,0.9725211408901081,0.9817080046193691
A,Magnifier,Torii,tpr_5e5,0.0004878874473529617,0.00018140077408084867,0.0009535216347192579
A,Magnifier,Torii,roc_auc,0.10515628884070723,0.05954528740723061,0.18256336526333516
A,Magnifier,UDP_scan,tpr_5e5,0.0,0.0,0.003602005192817128
A,Magnifier,UDP_scan,roc_auc,0.5938354162911758,0.5255881114109284,0.6565349820140958
A,Magnifier,Uploading_attack,tpr_5e5,0.1993570840307112,0.06267158541517664,0.28815860442714974
A,Magnifier,Uploading_attack,roc_auc,0.989067525706551,0.9851903021028524,0.9921421386019718
A,Magnifier,Vulnerability_scanner,tpr_5e5,0.0,0.0,0.004539936982338572
A,Magnifier,Vulnerability_scanner,roc_auc,0.949345893582038,0.925838220184662,0.966212795706684
A,Magnifier,XSS_attack,tpr_5e5,0.0,0.0,0.0
A,Magnifier,XSS_attack,roc_auc,0.518607612269455,0.4001045457531256,0.6189437463927083
A,Magnifier,bruteforce,tpr_5e5,0.0,0.0,0.0
A,Magnifier,bruteforce,roc_auc,0.6880727727803118,0.15072663648269743,0.8702668131992465
A,Magnifier,http_ddos,tpr_5e5,0.2354810848160304,0.14838064906626344,0.29290946805372403
A,Magnifier,http_ddos,roc_auc,0.9827865016054035,0.9763026888605646,0.9879667749129635
B,HorusEye,DOS_synflooding,tpr_5e5,0.4722528202985528,0.46438575038456015,0.4793319290418401
B,HorusEye,DOS_synflooding,roc_auc,0.8725133464642235,0.7870468049308117,0.9162425831084149
B,HorusEye,Hakai,tpr_5e5,0.0,0.0,0.0
B,HorusEye,Hakai,roc_auc,0.7246448190962348,0.5496941392255527,0.8218423512678864
B,HorusEye,Hide_and_seek,tpr_5e5,0.0,0.0,0.0
B,HorusEye,Hide_and_seek,roc_auc,0.9422340646782762,0.9069368930389988,0.9625349888005229
B,HorusEye,MITM,tpr_5e5,0.7298187311178248,0.1775135662013046,0.81850254623087
B,HorusEye,MITM,roc_auc,0.9922179030377848,0.9264871627758291,0.9972655735513943
B,HorusEye,Muhstik,tpr_5e5,0.0,0.0,0.0
B,HorusEye,Muhstik,roc_auc,0.9650392575476422,0.9342725042373426,0.9800303587449775
B,HorusEye,Okiru,tpr_5e5,0.9863518856447688,0.9816322288570118,0.9901148953096653
B,HorusEye,Okiru,roc_auc,0.9998233418376549,0.9995616153196977,0.9999397328158324
B,HorusEye,Password_attack,tpr_5e5,0.7782403654852259,0.7384293954883498,0.8108724485964242
B,HorusEye,Password_attack,roc_auc,0.99652250067124,0.9943150537844615,0.9978176736818279
B,HorusEye,Ransomware,tpr_5e5,0.0045351473922902496,0.002658244642191203,0.020325534588903856
B,HorusEye,Ransomware,roc_auc,0.6487393826047632,0.5685590351090637,0.8044666587581545
B,HorusEye,SQL_injection,tpr_5e5,0.9010892480674632,0.8819389398113244,0.9151577961276888
B,HorusEye,SQL_injection,roc_auc,0.9981661358475673,0.9970734416890622,0.9989210842218543
B,HorusEye,Sparta,tpr_5e5,0.946188929356564,0.9358950351319104,0.9556770176147138
B,HorusEye,Sparta,roc_auc,0.99428638268746,0.990565301227269,0.9963852983566528
B,HorusEye,Torii,tpr_5e5,0.000477930560672289,0.00017207841363921467,0.0007834720380386921
B,HorusEye,Torii,roc_auc,0.6973902484979317,0.5074402739083751,0.7947637147328659
B,HorusEye,UDP_scan,tpr_5e5,0.1868502767652221,0.12121126612980494,0.24180879687132342
B,HorusEye,UDP_scan,roc_auc,0.9408093544774746,0.8951882312099332,0.9635087521541618
B,HorusEye,Uploading_attack,tpr_5e5,0.7559044658749767,0.7167279305776991,0.792500021875044
B,HorusEye,Uploading_attack,roc_auc,0.9984538982625065,0.9974786866900155,0.9990762240613438
B,HorusEye,Vulnerability_scanner,tpr_5e5,0.8817285822592873,0.811641100846506,0.9461624607023758
B,HorusEye,Vulnerability_scanner,roc_auc,0.9993146721709023,0.9983624516064382,0.9997963960347008
B,HorusEye,XSS_attack,tpr_5e5,0.0,0.0,0.0
B,HorusEye,XSS_attack,roc_auc,0.36968589364973714,0.27348558074372,0.4897023128710197
B,HorusEye,bruteforce,tpr_5e5,0.1581626161089197,0.0,0.23416036871464885
B,HorusEye,bruteforce,roc_auc,0.9274897881021978,0.7435098321092489,0.97394362057692
B,HorusEye,http_ddos,tpr_5e5,0.7427189497322508,0.695287812356835,0.7854144329203422
B,HorusEye,http_ddos,roc_auc,0.9976721175592587,0.9962566212751033,0.9985152734863565
B,Kitsune,DOS_synflooding,tpr_5e5,0.46735290766133625,0.45735146831187673,0.4744745203333013
B,Kitsune,DOS_synflooding,roc_auc,0.5713426427479531,0.5428865997661716,0.5891029851951379
B,Kitsune,Hakai,tpr_5e5,0.0,0.0,0.0
B,Kitsune,Hakai,roc_auc,0.4995274797382219,0.271617143752482,0.6954261320492918
B,Kitsune,Hide_and_seek,tpr_5e5,0.0,0.0,0.0
B,Kitsune,Hide_and_seek,roc_auc,0.9446282443591004,0.9154030031781034,0.9607204662455617
B,Kitsune,MITM,tpr_5e5,0.6156193353474321,0.04480856842151102,0.7368396072184339
B,Kitsune,MITM,roc_auc,0.9903127040252987,0.9069254478333658,0.9964083046972194
B,Kitsune,Muhstik,tpr_5e5,0.0,0.0,0.0
B,Kitsune,Muhstik,roc_auc,0.9263816287746652,0.868063332173438,0.9631185820745898
B,Kitsune,Okiru,tpr_5e5,0.9454455596107056,0.8821804002842112,0.9516975264858217
B,Kitsune,Okiru,roc_auc,0.9992405678133572,0.9985809467213289,0.9996320925711009
B,Kitsune,Password_attack,tpr_5e5,0.6812320389064918,0.2902554253407662,0.7179345809695667
B,Kitsune,Password_attack,roc_auc,0.9918649609739347,0.9865102901376861,0.9945642043942186
B,Kitsune,Ransomware,tpr_5e5,0.004807256235827664,0.0004854807868517621,0.018781750825015747
B,Kitsune,Ransomware,roc_auc,0.7527511971303469,0.5622705931264829,0.8219347520369165
B,Kitsune,SQL_injection,tpr_5e5,0.8770203794799719,0.7409388373940203,0.8902078903836139
B,Kitsune,SQL_injection,roc_auc,0.9953001641690468,0.9923340991198754,0.9968253876740104
B,Kitsune,Sparta,tpr_5e5,0.9449092758473603,0.9336350420127408,0.9539306508662792
B,Kitsune,Sparta,roc_auc,0.992608768944406,0.9873989837374844,0.995368053508683
B,Kitsune,Torii,tpr_5e5,0.0004580167873109436,0.00015787701995010684,0.0007650708240982877
B,Kitsune,Torii,roc_auc,0.24861904551471498,0.13066658747188922,0.3576019361854807
B,Kitsune,UDP_scan,tpr_5e5,0.0,0.0,0.0
B,Kitsune,UDP_scan,roc_auc,0.9494926621486651,0.9129784054208288,0.9674362633993627
B,Kitsune,Uploading_attack,tpr_5e5,0.7929651178236498,0.6391641630313167,0.8149302273380244
B,Kitsune,Uploading_attack,roc_auc,0.9972796020535452,0.9956288893815486,0.9982177600383046
B,Kitsune,Vulnerability_scanner,tpr_5e5,0.8122675908877577,0.6228241782723121,0.8632460345420553
B,Kitsune,Vulnerability_scanner,roc_auc,0.9984839098047085,0.9972588513105519,0.99913374274705
B,Kitsune,XSS_attack,tpr_5e5,0.0,0.0,0.0
B,Kitsune,XSS_attack,roc_auc,0.860460320869381,0.7834268370943245,0.9028136540933179
B,Kitsune,bruteforce,tpr_5e5,0.13665860796539,0.0,0.5675583662927576
B,Kitsune,bruteforce,roc_auc,0.9354930574446614,0.7528982287303118,0.9782065890476582
B,Kitsune,http_ddos,tpr_5e5,0.6742788046294697,0.33907017249443444,0.7065466970889904
B,Kitsune,http_ddos,roc_auc,0.9950545574479569,0.991763685513527,0.9967595426847569
B,Magnifier,DOS_synflooding,tpr_5e5,0.47175903065294184,0.4639961454344682,0.4788257102558645
B,Magnifier,DOS_synflooding,roc_auc,0.8672264181232242,0.7824183955917992,0.9141021165681689
B,Magnifier,Hakai,tpr_5e5,0.0,0.0,0.0
B,Magnifier,Hakai,roc_auc,0.7070729020355672,0.527146865611944,0.8092693333992202
B,Magnifier,Hide_and_seek,tpr_5e5,0.0,0.0,0.0
B,Magnifier,Hide_and_seek,roc_auc,0.9418185641656839,0.9068063617084687,0.961311853943828
B,Magnifier,MITM,tpr_5e5,0.7140483383685801,0.1874137845967228,0.8003610999339498
B,Magnifier,MITM,roc_auc,0.994116071620518,0.9446131742920801,0.9978700621000358
B,Magnifier,Muhstik,tpr_5e5,0.0,0.0,0.0
B,Magnifier,Muhstik,roc_auc,0.9646092763734532,0.9341267706890748,0.9797990905802726
B,Magnifier,Okiru,tpr_5e5,0.9851733576642335,0.9814057879256209,0.9885936763084442
B,Magnifier,Okiru,roc_auc,0.9998131892990617,0.9995382194699723,0.9999348962680841
B,Magnifier,Password_attack,tpr_5e5,0.7682189963893596,0.7364674837444602,0.8004769610824591
B,Magnifier,Password_attack,roc_auc,0.9962440159034907,0.9940652423136453,0.9976473794769806
B,Magnifier,Ransomware,tpr_5e5,0.0045351473922902496,0.0025199872723004253,0.019686613652577907
B,Magnifier,Ransomware,roc_auc,0.6144543446371861,0.55119890509403,0.7897253935137435
B,Magnifier,SQL_injection,tpr_5e5,0.8974389006012337,0.8811811625865654,0.9097101538657314
B,Magnifier,SQL_injection,roc_auc,0.9982357765989899,0.9972474275976305,0.9989425941303978
B,Magnifier,Sparta,tpr_5e5,0.9457623781868294,0.9356197568131784,0.9551083341788561
B,Magnifier,Sparta,roc_auc,0.9939015748967446,0.9900891020122377,0.9961063760070602
B,Magnifier,Torii,tpr_5e5,0.0004580167873109436,0.00018372959602896142,0.0007723403653182552
B,Magnifier,Torii,roc_auc,0.6937135265873229,0.5090376843197435,0.7929889112020485
B,Magnifier,UDP_scan,tpr_5e5,0.1699743485891724,0.12029517091347637,0.22145102018778365
B,Magnifier,UDP_scan,roc_auc,0.9379640020170018,0.8923418410790477,0.9610294814403546
B,Magnifier,Uploading_attack,tpr_5e5,0.7476421986663478,0.7153413083675176,0.7779177007844329
B,Magnifier,Uploading_attack,roc_auc,0.9983220840137909,0.9973476129327754,0.9989799304784832
B,Magnifier,Vulnerability_scanner,tpr_5e5,0.870428535326185,0.808642759689555,0.9300993499868629
B,Magnifier,Vulnerability_scanner,roc_auc,0.9992722407577815,0.9982834775768943,0.9997796630137187
B,Magnifier,XSS_attack,tpr_5e5,0.0,0.0,0.0
B,Magnifier,XSS_attack,roc_auc,0.302941617827455,0.25653471448502246,0.3409415118190513
B,Magnifier,bruteforce,tpr_5e5,0.12024430589133478,0.0,0.2151890192661752
B,Magnifier,bruteforce,roc_auc,0.9226109013435002,0.7309421534452727,0.9713589710086702
B,Magnifier,http_ddos,tpr_5e5,0.7278977370875799,0.6944183306446554,0.7690320859528282
B,Magnifier,http_ddos,roc_auc,0.9974805984568929,0.9961052601481836,0.9983781341616643
A,HorusEye,MACRO16,tpr_5e5,0.1492355136981318,0.12488528038235319,0.16048809128295827
A,HorusEye,MACRO16,roc_auc,0.799836835303063,0.7274132273759981,0.8581516743423178
A,Kitsune,MACRO16,tpr_5e5,0.09212413680713583,0.06983709203775604,0.11599562823085684
A,Kitsune,MACRO16,roc_auc,0.7059753726106038,0.6527356667065909,0.7444394990100112
A,Magnifier,MACRO16,tpr_5e5,0.12777843960619512,0.09073298933894867,0.15170045299116403
A,Magnifier,MACRO16,roc_auc,0.6695424874230469,0.6073499654607529,0.7090280190618469
B,HorusEye,MACRO16,tpr_5e5,0.4251000624332355,0.3796579731939156,0.4406598690378883
B,HorusEye,MACRO16,roc_auc,0.8792081868520998,0.8292707390474561,0.9064908398690403
B,Kitsune,MACRO16,tpr_5e5,0.39242100540957714,0.30702042532636326,0.4238072104814017
B,Kitsune,MACRO16,roc_auc,0.8533616847820005,0.8003900386774551,0.8797922891383975
B,Magnifier,MACRO16,tpr_5e5,0.4184802221572387,0.37762642037893585,0.43374816196731425
B,Magnifier,MACRO16,roc_auc,0.8707697816375483,0.82454101788934,0.8972111865869751
