what,who,metric,point,lo,hi
corpus,HorusEye,tpr_5e5,0.2758645487351037,0.2309497686939671,0.3083604857915028
corpus,Kitsune,tpr_5e5,0.3002968686024413,0.21196564720138233,0.3306043834916953
corpus,Magnifier,tpr_5e5,0.29070178255104356,0.23763614661134821,0.3301920737733705
arch,A,tpr_5e5,0.05711137689099596,0.02145547097253422,0.07438526471929253
arch,B,tpr_5e5,0.032679057023658364,0.003546329350046186,0.09950709600461728
corpus,HorusEye,roc_auc,0.07937135154903674,0.0017504194085067872,0.1549217843090562
corpus,Kitsune,roc_auc,0.14738631217139664,0.08398172309774549,0.20344125239114796
corpus,Magnifier,roc_auc,0.20122729421450136,0.14451199254979347,0.26745890781325254
arch,A,roc_auc,0.09386146269245921,0.033552968260969,0.14772212019802164
arch,B,roc_auc,0.02584650207009931,0.004623935835075754,0.05103326822109941
