corpus,gulliver_train_corpus,seed,rules_identical_to_artifact,n_rules,passed_benign,n_benign,macro_tpr_5e5,macro_tpr_5e4,macro_roc_auc,macro_pr_auc,minutes,tpr_5e5:DOS_synflooding,tpr_5e5:Hakai,tpr_5e5:Hide_and_seek,tpr_5e5:MITM,tpr_5e5:Muhstik,tpr_5e5:Okiru,tpr_5e5:Password_attack,tpr_5e5:Ransomware,tpr_5e5:SQL_injection,tpr_5e5:Sparta,tpr_5e5:Torii,tpr_5e5:UDP_scan,tpr_5e5:Uploading_attack,tpr_5e5:Vulnerability_scanner,tpr_5e5:XSS_attack,tpr_5e5:bruteforce,tpr_5e5:http_ddos
A,A,114514,True,"{'tcp_rule_all.csv': 29, 'udp_rule_all.csv': 48, 'tcp_port_rule_all.csv': 3460, 'udp_port_rule_all.csv': 125}",72528,156505,0.1492355136981318,0.21346365785456484,0.799836835303063,0.5215618619635197,1.8,0.46583355490561024,0.0,0.0,0.002960725075528701,0.0,0.6957877128953771,0.0,0.005442176870748299,0.0,0.9355907733700823,0.0006870251809664154,0.0016200891049007696,0.27746340426662414,0.002382757500270768,0.0,0.0,0.28540335118327864
A,A,0,False,"{'tcp_rule_all.csv': 22, 'udp_rule_all.csv': 198, 'tcp_port_rule_all.csv': 4596, 'udp_port_rule_all.csv': 118}",76420,156505,0.14923788768681262,0.21346225540820035,0.8138140336449584,0.5335282326444815,2.3,0.4658715387245034,0.0,0.0,0.002960725075528701,0.0,0.6957877128953771,0.0,0.005442176870748299,0.0,0.9355907733700823,0.0006870251809664154,0.0016200891049007696,0.27746340426662414,0.002382757500270768,0.0,0.0,0.28540335118327864
A,A,1,False,"{'tcp_rule_all.csv': 14, 'udp_rule_all.csv': 47, 'tcp_port_rule_all.csv': 5236, 'udp_port_rule_all.csv': 128}",76545,156505,0.1492355136981318,0.2134598814195195,0.8138948147018442,0.533983791241553,2.3,0.46583355490561024,0.0,0.0,0.002960725075528701,0.0,0.6957877128953771,0.0,0.005442176870748299,0.0,0.9355907733700823,0.0006870251809664154,0.0016200891049007696,0.27746340426662414,0.002382757500270768,0.0,0.0,0.28540335118327864
A,A,2,False,"{'tcp_rule_all.csv': 30, 'udp_rule_all.csv': 41, 'tcp_port_rule_all.csv': 4069, 'udp_port_rule_all.csv': 131}",76646,156505,0.15098561460076304,0.21451835464386185,0.8142101488576736,0.5350072377281183,1.9,0.466289360732328,0.0,0.0,0.003353474320241692,0.0,0.7146441605839416,0.0,0.005804988662131519,0.0,0.9359188896544935,0.0006870251809664154,0.002430133657351154,0.28407853138864536,0.0025632694321094623,0.0,0.0,0.29110381758507514
A,A,3,False,"{'tcp_rule_all.csv': 29, 'udp_rule_all.csv': 247, 'tcp_port_rule_all.csv': 3397, 'udp_port_rule_all.csv': 127}",76628,156505,0.1492355136981318,0.2134598814195195,0.8144189139075657,0.5346529047706241,1.9,0.46583355490561024,0.0,0.0,0.002960725075528701,0.0,0.6957877128953771,0.0,0.005442176870748299,0.0,0.9355907733700823,0.0006870251809664154,0.0016200891049007696,0.27746340426662414,0.002382757500270768,0.0,0.0,0.28540335118327864
A,A,4,False,"{'tcp_rule_all.csv': 18, 'udp_rule_all.csv': 41, 'tcp_port_rule_all.csv': 4082, 'udp_port_rule_all.csv': 132}",72609,156505,0.1492355136981318,0.2134598814195195,0.7999570598941548,0.5218002067033145,2.0,0.46583355490561024,0.0,0.0,0.002960725075528701,0.0,0.6957877128953771,0.0,0.005442176870748299,0.0,0.9355907733700823,0.0006870251809664154,0.0016200891049007696,0.27746340426662414,0.002382757500270768,0.0,0.0,0.28540335118327864
B,B,114514,False,"{'tcp_rule_all.csv': 31, 'udp_rule_all.csv': 13, 'tcp_port_rule_all.csv': 50, 'udp_port_rule_all.csv': 30}",99137,124792,0.4222123664488941,0.4761464756723457,0.9504542695364859,0.7753490405933092,0.4,0.47232878793633915,0.0,0.0,0.7295770392749245,0.0,0.9863138686131386,0.7782403654852259,0.0045351473922902496,0.8998594518622628,0.946188929356564,0.00044805990063027094,0.1868502767652221,0.7554262639143488,0.8374670565724395,0.0,0.1581626161089197,0.7314907583347728
B,B,0,False,"{'tcp_rule_all.csv': 187, 'udp_rule_all.csv': 16, 'tcp_port_rule_all.csv': 62, 'udp_port_rule_all.csv': 38}",96825,124792,0.4235668150908425,0.47643548410188724,0.9549645870626591,0.770814123167624,0.5,0.47232878793633915,0.0,0.0,0.7303021148036254,0.0,0.9863518856447688,0.7782403654852259,0.0045351473922902496,0.9001327399078629,0.946188929356564,0.000477930560672289,0.1868502767652221,0.7554528306899392,0.8580454168020506,0.0,0.1581626161089197,0.7334254620832613
B,B,1,False,"{'tcp_rule_all.csv': 32, 'udp_rule_all.csv': 13, 'tcp_port_rule_all.csv': 64, 'udp_port_rule_all.csv': 37}",99052,124792,0.4221654450218315,0.47610224995973155,0.9576023760649035,0.7794825366873346,0.4,0.47232878793633915,0.0,0.0,0.7295770392749245,0.0,0.9863518856447688,0.7773561270355906,0.0045351473922902496,0.8998984930116343,0.946188929356564,0.000477930560672289,0.1868502767652221,0.7554528306899392,0.8374670565724395,0.0,0.1581626161089197,0.7314907583347728
B,B,2,False,"{'tcp_rule_all.csv': 26, 'udp_rule_all.csv': 14, 'tcp_port_rule_all.csv': 55, 'udp_port_rule_all.csv': 39}",98915,124792,0.42167985624996995,0.4756139654734216,0.9496877270723392,0.7736794327107768,0.4,0.47232878793633915,0.0,0.0,0.7295770392749245,0.0,0.9863138686131386,0.7782403654852259,0.0045351473922902496,0.8998594518622628,0.946188929356564,0.00044805990063027094,0.1868502767652221,0.7554262639143488,0.8289468933896531,0.0,0.1581626161089197,0.7309034375539817
B,B,3,False,"{'tcp_rule_all.csv': 240, 'udp_rule_all.csv': 17, 'tcp_port_rule_all.csv': 68, 'udp_port_rule_all.csv': 36}",88235,124792,0.42355847161480287,0.47651791130161625,0.9437393007487973,0.7600210671247134,0.5,0.47232878793633915,0.0,0.0,0.7303021148036254,0.0,0.9863138686131386,0.7782403654852259,0.0045351473922902496,0.9000936987584914,0.946188929356564,0.00044805990063027094,0.1868502767652221,0.7554262639143488,0.8580454168020506,0.0,0.1581626161089197,0.7334254620832613
B,B,4,False,"{'tcp_rule_all.csv': 30, 'udp_rule_all.csv': 13, 'tcp_port_rule_all.csv': 53, 'udp_port_rule_all.csv': 35}",98489,124792,0.4215776544425829,0.47552828475859776,0.9560026434009998,0.7762376528515962,0.4,0.47232878793633915,0.0,0.0,0.7290634441087613,0.0,0.9863518856447688,0.7773561270355906,0.0045351473922902496,0.8995276020926056,0.946188929356564,0.000477930560672289,0.1868502767652221,0.7554528306899392,0.8289468933896531,0.0,0.1581626161089197,0.7312489203662118
