subset,corpus,devices,n_devices,n_train_rows,n_train_rows_magnifier_80pct,n_train_burst_rows,volume_fraction,model,seed,epochs,best_epoch,best_val_auc,n_benign_test,gulliver_rules,macro_tpr_5e5,macro_tpr_5e4,macro_roc_auc,macro_pr_auc,minutes,tpr_5e5:DOS_synflooding,roc_auc:DOS_synflooding,tpr_5e5:Hakai,roc_auc:Hakai,tpr_5e5:Hide_and_seek,roc_auc:Hide_and_seek,tpr_5e5:MITM,roc_auc:MITM,tpr_5e5:Muhstik,roc_auc:Muhstik,tpr_5e5:Okiru,roc_auc:Okiru,tpr_5e5:Password_attack,roc_auc:Password_attack,tpr_5e5:Ransomware,roc_auc:Ransomware,tpr_5e5:SQL_injection,roc_auc:SQL_injection,tpr_5e5:Sparta,roc_auc:Sparta,tpr_5e5:Torii,roc_auc:Torii,tpr_5e5:UDP_scan,roc_auc:UDP_scan,tpr_5e5:Uploading_attack,roc_auc:Uploading_attack,tpr_5e5:Vulnerability_scanner,roc_auc:Vulnerability_scanner,tpr_5e5:XSS_attack,roc_auc:XSS_attack,tpr_5e5:bruteforce,roc_auc:bruteforce,tpr_5e5:http_ddos,roc_auc:http_ddos
all14,A,philips_camera;360_camera;ezviz_camera;hichip_battery_camera;mercury_wirecamera;skyworth_camera;tplink_camera;xiaomi_camera;aqara_gateway;gree_gateway;ihorn_gateway;tcl_gateway;xiaomi_gateway;linksys_router,14,3629498,2903598,549401,1.0,HorusEye,20,18,11,0.7729,156505,retrained,0.14686001960329012,0.17366207703347536,0.8220272259562389,0.5071259025223549,27.2,0.46062977171724845,0.8244396885233655,0.0,0.6282035110478896,0.0,0.6703094049439915,0.001963746223564955,0.9324036744480139,0.0,0.7043846063673349,0.6500532238442822,0.9985246207143711,0.0,0.9286376636571323,0.0045351473922902496,0.8189916716055451,0.0,0.9325657724999922,0.9353939035994356,0.9851658168679228,0.0007069389543277608,0.6568792211669734,0.0,0.7374325704203945,0.29218139794373155,0.9934080744381277,0.00429618397776093,0.9561237994968939,0.0,0.5408724410106627,0.0,0.844093078091211,0.25728105026774917,0.9805476675746301
all14,A,philips_camera;360_camera;ezviz_camera;hichip_battery_camera;mercury_wirecamera;skyworth_camera;tplink_camera;xiaomi_camera;aqara_gateway;gree_gateway;ihorn_gateway;tcl_gateway;xiaomi_gateway;linksys_router,14,3629498,2903598,549401,1.0,Magnifier,20,18,11,0.7729,156505,retrained,0.13973691543725747,0.16835650146272463,0.7301681343356845,0.463980387457515,27.2,0.4588825160481635,0.7365726477572405,0.0,0.4291199203571997,0.0,0.5061771787739572,0.0017220543806646526,0.9110320518122882,0.0,0.5605409578075164,0.5566453771289538,0.9979087160168232,0.0,0.9064854172138885,0.004172335600907029,0.7528725764993707,0.0,0.9114203255954277,0.9347376710306132,0.9767575059865392,0.0006571545209243973,0.49344490243765693,0.0,0.5869610880098357,0.27637416646741586,0.9907782674228912,0.0025993718184772014,0.9419220301510138,0.0,0.22036470797797758,0.0,0.7603318555513254,0.24802211089998272,0.9734655910029524
rand5_a,A,ezviz_camera;mercury_wirecamera;tplink_camera;aqara_gateway;tcl_gateway,5,1171120,936896,212384,1.0,HorusEye,20,18,2,0.711,48578,retrained,0.07971757327491505,0.08113568712703802,0.747993362833143,0.5109872332853047,14.3,0.3944239753864854,0.8234072615256521,0.0,0.6363685675855641,0.0,0.6542983955068096,0.000513595166163142,0.7996461162096551,0.0,0.6817267718228653,0.0,0.8661897395692622,0.0,0.7582761511311398,0.00045351473922902497,0.7072863251274407,0.0,0.7673960264706097,0.877317321258654,0.9805780853447706,0.0002489221670168172,0.6084672036966182,0.0,0.715074824401274,0.002523843681092426,0.8360718722511752,0.0,0.7840683251685888,0.0,0.632710517932441,0.0,0.7163276215864202,0.014924857488339955,0.8161645425296006
rand5_a,A,ezviz_camera;mercury_wirecamera;tplink_camera;aqara_gateway;tcl_gateway,5,1171120,936896,212384,1.0,Magnifier,20,18,2,0.711,48578,retrained,0.07971994726359587,0.08113806111571883,0.7254246102784695,0.5010295670435474,14.3,0.3944619592053785,0.814732498701323,0.0,0.5601508750283801,0.0,0.6121640962061219,0.000513595166163142,0.796339149458951,0.0,0.6738450652553987,0.0,0.8657365591472576,0.0,0.7567039284602105,0.00045351473922902497,0.6965270478345179,0.0,0.7658788513047463,0.877317321258654,0.9801092332599226,0.0002489221670168172,0.5306514738155667,0.0,0.7086211190110661,0.002523843681092426,0.8350588341420186,0.0,0.783433151920514,0.0,0.5476160495835681,0.0,0.6792258313259485,0.014924857488339955,0.8146442353794641
rand5_b,A,ezviz_camera;hichip_battery_camera;tplink_camera;xiaomi_camera;ihorn_gateway,5,1192793,954234,166043,1.0,HorusEye,20,18,9,0.6765,44583,retrained,0.08461245494235224,0.09120503326928267,0.7008655295449008,0.5116019968423748,11.3,0.4230637748319216,0.761612102556829,0.0,0.5381372044479636,0.0,0.5102908847071671,0.0009365558912386707,0.8171229668848754,0.0,0.5805065081920242,0.0,0.7711751212254101,0.0,0.7553520535516395,0.0009070294784580499,0.724466037332697,7.808229874287499e-05,0.7450560509375901,0.9165928405026742,0.9767842803363006,0.00026883594037816253,0.5077090376048736,0.0,0.6336592619652824,0.006933928429106559,0.7639694972847708,0.005018231705115708,0.7583260398747088,0.0,0.5782782793435027,0.0,0.7914031464727773,0.1958196579720159,0.8453278099168957
rand5_b,A,ezviz_camera;hichip_battery_camera;tplink_camera;xiaomi_camera;ihorn_gateway,5,1192793,954234,166043,1.0,Magnifier,20,18,9,0.6765,44583,retrained,0.08409024356820993,0.08944160591973038,0.645208315776514,0.48852120131220556,11.4,0.4215444220761955,0.6882919845730537,0.0,0.38383333090783167,0.0,0.3679509153997448,0.0008459214501510574,0.8117160883875033,0.0,0.47578330562411264,0.0,0.7681627172306302,0.0,0.7495260496057875,0.0008163265306122449,0.7083035331232435,7.808229874287499e-05,0.739319329579635,0.91354135905765,0.973861514413627,0.00025887905369748987,0.36310991874108245,0.0,0.5620539193244889,0.005579022873993783,0.7604335269685574,0.0027798837503158957,0.7551431363012822,0.0,0.49663610796284663,0.0,0.7192076742807991,0.18652617032302643,0.8424779529399063
cam8,A,philips_camera;360_camera;ezviz_camera;hichip_battery_camera;mercury_wirecamera;skyworth_camera;tplink_camera;xiaomi_camera,8,2987894,2390315,367841,1.0,HorusEye,20,18,1,0.7168,124124,retrained,0.21392426447131474,0.2892568662286794,0.8132213384236839,0.5811077632741917,20.7,0.46465605651992253,0.792782434257303,0.0,0.6055379005949663,0.0,0.5811764619143164,0.005166163141993958,0.8489670485688174,0.0,0.673404200369731,0.6483424574209246,0.996341992726389,0.0,0.9972304441691549,0.007437641723356009,0.9343500727931273,0.00017568517217146873,0.9960625596152538,0.9471732782097976,0.9846148454033089,0.0007069389543277608,0.5313060129122708,0.008100445524503848,0.7120552279000915,0.7328710714380595,0.9962753267826194,0.006173508068883353,0.9723180516949711,0.0,0.5521783783433635,0.6019849853670951,0.8369404567332566,0.4207635170150285,0.9920344482024308
cam8,A,philips_camera;360_camera;ezviz_camera;hichip_battery_camera;mercury_wirecamera;skyworth_camera;tplink_camera;xiaomi_camera,8,2987894,2390315,367841,1.0,Magnifier,20,18,1,0.7168,124124,retrained,0.20177473006572402,0.25355256546985616,0.7065324008454419,0.5383014327879612,20.7,0.4629467846697307,0.6807653226197234,0.0,0.3816720508790703,0.0,0.3222501759805072,0.004169184290030212,0.7943149990298173,0.0,0.472439267438104,0.5709017639902676,0.9944087992250666,0.0,0.994591889809782,0.007437641723356009,0.9037276716407725,0.0,0.9936238744002329,0.9465498572694163,0.9761265385330651,0.0006571545209243973,0.2522480020442873,0.004590252463885514,0.5594453626437321,0.6736005950957732,0.9943086862463555,0.002382757500270768,0.9637961288247953,0.0,0.28201195465517404,0.5551596895279297,0.738787689556584,0.38514423907410605,0.9879406580747835
gw6,A,aqara_gateway;gree_gateway;ihorn_gateway;tcl_gateway;xiaomi_gateway;linksys_router,6,641604,513283,181560,1.0,HorusEye,20,18,0,0.8936,32318,retrained,0.6394758829348821,0.6606618904725025,0.9693323737240467,0.9532145216474919,5.9,0.5143768754510578,0.9459104407227082,0.0,0.9035887853408202,0.8029484871860804,0.9925659886594631,0.946012084592145,0.9972875862206932,0.8306061192873742,0.9924316774545211,0.9982131995133819,0.9999567617729095,0.9916734212659347,0.9997973922325726,0.0019047619047619048,0.8785631688160132,0.9967986257515421,0.9998044445281369,0.9701414181185812,0.9997468931815476,0.0004082323539075802,0.8485790317146387,0.5830970703388686,0.998379917161302,0.9962009510905662,0.9997011632326565,0.99584822556771,0.9999035128591577,0.0,0.9613473529470962,0.6033846545362005,0.9917538627405112,0.9947832095353256,0.9998397355498939
gw6,A,aqara_gateway;gree_gateway;ihorn_gateway;tcl_gateway;xiaomi_gateway;linksys_router,6,641604,513283,181560,1.0,Magnifier,20,18,0,0.8936,32318,retrained,0.6395023179801993,0.656379516212551,0.9322468386905236,0.9292728171700537,5.9,0.5143768754510578,0.9292848974537851,0.0,0.8549354717509983,0.8029484871860804,0.9887501397478482,0.9464350453172206,0.9948300199920391,0.8306061192873742,0.983768767404562,0.9982131995133819,0.9999372809556462,0.9916734212659347,0.9996875253498401,0.0019047619047619048,0.5982249735094236,0.9967986257515421,0.9996537414392936,0.9701414181185812,0.9995864270791164,0.0004082323539075802,0.6600430738898342,0.5830970703388686,0.9975649285749394,0.9962009510905662,0.9995287681393233,0.99584822556771,0.9998657080148152,0.0,0.9248027404088939,0.6033846545362005,0.9854849553380183,0.9947832095353256,0.9996587563488935
vol_match,A,philips_camera;360_camera;ezviz_camera;hichip_battery_camera;mercury_wirecamera;skyworth_camera;tplink_camera;xiaomi_camera;aqara_gateway;gree_gateway;ihorn_gateway;tcl_gateway;xiaomi_gateway;linksys_router,14,2011148,1608918,304429,0.5541,HorusEye,20,18,6,0.7484,156505,retrained,0.12359738495923064,0.14065079994282303,0.859559718770833,0.521373164198913,15.0,0.45489421506438255,0.8870583590608956,0.0,0.7413443563114775,0.0,0.7731275763747683,0.0016314199395770393,0.8836353800265639,0.0,0.7777582171024694,0.3976201338199513,0.9980368455954821,0.0,0.9579393622298702,0.004172335600907029,0.7294158298101941,0.0,0.9270447220438424,0.9267972569478623,0.9905879100075222,0.0004978443340336344,0.7486488488710216,0.0,0.8242983225104186,0.1919449536409766,0.9901535685498998,0.0,0.924223650972154,0.0,0.7001652200789585,0.0,0.899517330787792,0.19657972015892208,0.9716763632113421
vol_match,A,philips_camera;360_camera;ezviz_camera;hichip_battery_camera;mercury_wirecamera;skyworth_camera;tplink_camera;xiaomi_camera;aqara_gateway;gree_gateway;ihorn_gateway;tcl_gateway;xiaomi_gateway;linksys_router,14,2011148,1608918,304429,0.5541,Magnifier,20,18,6,0.7484,156505,retrained,0.11476855563871304,0.13911740478955945,0.7046168000667112,0.43949291211790287,15.0,0.4515896228206784,0.7533889922019127,0.0,0.4382094239920468,0.0,0.5174038915605529,0.0009365558912386707,0.768707429788784,0.0,0.5278435784898194,0.29026003649635035,0.9970391753747907,0.0,0.9174067041886146,0.00399092970521542,0.4668149256060369,0.0,0.8560531349481668,0.9253207336680119,0.9799597222768673,0.0004679736739916163,0.4765426024791265,0.0,0.616387012895562,0.16373103796392233,0.9837739541408159,0.0,0.8503989215655143,0.0,0.34156326892398486,0.0,0.7823760626347838,0.18472965969942995,0.9457116203940245
os_days1,B,os_files_0,,402162,321729,53854,1.0,HorusEye,20,18,11,0.8539,124792,artifact (proprietary-trained),0.39042559094830875,0.40846404983423557,0.9065565238495821,0.6843630510161506,3.8,0.4609336422683937,0.882836312918273,0.0,0.7200994884052444,0.0,0.9006745728363326,0.6561631419939578,0.98827242077645,0.0,0.9360417365014362,0.9499695863746959,0.9994666886039001,0.7477341389728097,0.9971424610303959,0.00018140589569160998,0.8881864153016379,0.854317951120481,0.9977483842554159,0.9387735013288709,0.9899633314013407,0.0002389652803361445,0.652078212148181,0.0,0.8673228369192783,0.7279296511782365,0.9963529393940183,0.7868876132712372,0.9975102627959104,0.0,0.7834666036199365,0.12367985748823006,0.9077417146855615,0.6263948868543789,0.9956230357503173
os_days1,B,os_files_0,,402162,321729,53854,1.0,Magnifier,20,18,11,0.8539,124792,artifact (proprietary-trained),0.39048152367122,0.40843493947898196,0.9049771300899383,0.6817338712925582,3.8,0.46100960990617995,0.8803475754651295,0.0,0.7119827037451292,0.0,0.9011657937592761,0.6567673716012085,0.9901254389418798,0.0,0.9354207102787901,0.9499695863746959,0.9994519319929385,0.7477341389728097,0.9970645590929728,0.00018140589569160998,0.8830487284128772,0.8545326774420239,0.9978996408656002,0.9387735013288709,0.9896023963893636,0.0002389652803361445,0.6579428368340927,0.0,0.8621599637327767,0.7279296511782365,0.9962651678274,0.7868876132712372,0.9974516811831055,0.0,0.7757320069820878,0.12367985748823006,0.9039729459355932,0.6263948868543789,0.9955202729409451
os_days2,B,"os_files_0,2",,772390,617912,104395,1.0,HorusEye,20,18,4,0.8371,124792,artifact (proprietary-trained),0.45414266249374247,0.4818646846548594,0.89148292389763,0.7185380864930101,6.3,0.46917613096820754,0.8546876997816714,0.0,0.5711245463939952,0.0,0.954087675432676,0.7908459214501511,0.9925247729442336,0.0,0.9621862772294462,0.987720498783455,0.9998041042301689,0.8174047601503205,0.997141133790552,0.004081632653061225,0.8039919654422873,0.91879440930741,0.9985849185925837,0.9430062013977754,0.9886156227906537,0.0002987066004201806,0.6438118562130176,0.2504387741325773,0.8269483807041146,0.86020562684307,0.998839353879191,0.9377594859020181,0.9995132256043586,0.0,0.7921927541076658,0.2865504517114137,0.879672495225464,0.7900155467265504,0.9984564755552859
os_days2,B,"os_files_0,2",,772390,617912,104395,1.0,Magnifier,20,18,4,0.8371,124792,artifact (proprietary-trained),0.45423131721995647,0.4816972709499082,0.8749228673535088,0.7096902115383518,6.3,0.4692520986059939,0.8235283856470565,0.0,0.4915516395958148,0.0,0.9535969677491233,0.7919637462235649,0.9941320990151781,0.0,0.9603094072161172,0.987720498783455,0.999780936421027,0.8174047601503205,0.9968303406009151,0.004081632653061225,0.7760754461410181,0.9190091356289529,0.9986660450760818,0.9430062013977754,0.9868077908551928,0.0003086634871008533,0.5879672081972372,0.2504387741325773,0.800703480622808,0.86020562684307,0.9987096242341884,0.9377594859020181,0.9994703272602519,0.0,0.7666934647198413,0.2865504517114137,0.8639427143042904,0.7900155467265504,0.9983314769547471
os_days3,B,"os_files_0,2,4",,1138497,910797,150778,1.0,HorusEye,20,18,8,0.9213,124792,artifact (proprietary-trained),0.40174883227757363,0.4798600302030653,0.9096497796612326,0.7424318131019595,8.7,0.4606677555361416,0.9412205242223329,0.0,0.8619546842467901,0.0,0.9150499311629385,0.5913293051359516,0.9837763460755192,0.0,0.9693856636699859,0.969434306569343,0.999779920436024,0.7480657283914229,0.9938767830397804,0.0007256235827664399,0.5902132146531284,0.9128211134535801,0.997494641499634,0.9361157594251402,0.995196995298947,0.0001493533002100903,0.7726319497279389,0.20035101930606183,0.9603353621576567,0.7778220557370952,0.9989736324181724,0.8304992960034658,0.9989114461647401,0.0,0.6279147058652925,0.0,0.9476806739408394,0.6460528588702712,0.9960642268970495
os_days3,B,"os_files_0,2,4",,1138497,910797,150778,1.0,Magnifier,20,18,8,0.9213,124792,artifact (proprietary-trained),0.4018368646983701,0.4798874876893413,0.9060776252443983,0.7406609442198475,8.8,0.4607437231739279,0.9414102474501771,0.0,0.8595409162234435,0.0,0.9116134984450243,0.5924471299093655,0.984781292868917,0.0,0.9697952747748706,0.969434306569343,0.9997738580367561,0.7480657283914229,0.9933631866867629,0.0007256235827664399,0.5574661935419722,0.9130358397751229,0.9975137869674371,0.9361157594251402,0.9950091821708869,0.0001493533002100903,0.7841772671371234,0.20035101930606183,0.9592730506614173,0.7778220557370952,0.9989261406238341,0.8304992960034658,0.9988759984653743,0.0,0.6000688655452062,0.0,0.945653244311169,0.6460528588702712,0.995709122823702
os_days5,B,"os_files_0,2,4,6,7",,2011147,1608917,257702,1.0,HorusEye,20,18,8,0.8124,124792,artifact (proprietary-trained),0.3764398163524695,0.4006332844249166,0.87553837996177,0.6733531766565695,14.7,0.4731264481330953,0.8777514706871291,0.0,0.7464644774713022,0.0,0.8363223842547197,0.4907250755287009,0.9833261615606315,0.0,0.9117058608917958,0.9777220194647201,0.9996085149313763,0.6604892786087981,0.9937173279636997,0.004353741496598639,0.8659438581082368,0.8621261809947685,0.9962976588561441,0.9445811595629491,0.9903771013858684,0.0005078012207143071,0.5219836359014215,0.0691238018090995,0.8960840672820439,0.7649106028001381,0.9961235032300518,0.7753709520199286,0.9982841256869808,0.0,0.502760781444178,0.0,0.8918631497327394,0.6811539125928485,0.9943320513456693
os_days5,B,"os_files_0,2,4,6,7",,2011147,1608917,257702,1.0,Magnifier,20,18,8,0.8124,124792,artifact (proprietary-trained),0.37651714177354745,0.39992767373397553,0.8688569854057553,0.6700000140612241,14.7,0.4732024157708816,0.8751195075550678,0.0,0.7385892516036919,0.0,0.8275542871556321,0.49166163141993957,0.9841355516485777,0.0,0.9088070091234448,0.9777220194647201,0.9995941967019495,0.6604892786087981,0.9934611377548586,0.004353741496598639,0.861518563533711,0.8623409073163114,0.9962771869052867,0.9445811595629491,0.9899641115162646,0.0005177581073949797,0.4986859893647492,0.0691238018090995,0.8919239227142683,0.7649106028001381,0.9958622448197465,0.7753709520199286,0.9982102293742982,0.0,0.4564904215009631,0.0,0.8855181552195741,0.6811539125928485,0.9940186780701168
all14_seed1,A,philips_camera;360_camera;ezviz_camera;hichip_battery_camera;mercury_wirecamera;skyworth_camera;tplink_camera;xiaomi_camera;aqara_gateway;gree_gateway;ihorn_gateway;tcl_gateway;xiaomi_gateway;linksys_router,14,3629498,2903598,549401,1.0,HorusEye,1,18,7,0.7703,156505,retrained,0.13223431300718091,0.14716647504862634,0.8130666195716683,0.45982906142064506,25.4,0.45516010179663463,0.8631775314244867,0.0,0.7096201399857278,0.0,0.6762707230258262,0.0015709969788519637,0.7617268111372754,0.0,0.6776130826218953,0.6058394160583942,0.9957870479222191,0.0,0.9264601411377923,0.0038095238095238095,0.5817625152485836,0.0,0.915131761964552,0.9349345408012599,0.9896941629066922,0.0005078012207143071,0.6602818625739354,0.00013500742540839745,0.8322688752002635,0.11346669854679738,0.9867860501055226,0.0003249214773096502,0.8472568850094496,0.0,0.702136704990221,0.0,0.8830916178922479,0.22345828295042322,0.9636256535397455
all14_seed1,A,philips_camera;360_camera;ezviz_camera;hichip_battery_camera;mercury_wirecamera;skyworth_camera;tplink_camera;xiaomi_camera;aqara_gateway;gree_gateway;ihorn_gateway;tcl_gateway;xiaomi_gateway;linksys_router,14,3629498,2903598,549401,1.0,Magnifier,1,18,7,0.7703,156505,retrained,0.12248669424251818,0.1451956694579688,0.6955217821268981,0.41103572121009946,25.5,0.45155163900178524,0.7874566349530155,0.0,0.5298605708544656,0.0,0.4642909116369398,0.0007552870090634441,0.6052859650150653,0.0,0.4699087321868712,0.4923585766423358,0.9940725503617999,0.0,0.9022703059725826,0.0034467120181405895,0.2593368047111287,0.0,0.87556411255329,0.9334908291498507,0.9838899719018472,0.0004381030139495982,0.4554950084885839,0.0,0.746602110766327,0.07760155149969448,0.9827745238577262,0.00014440954547095564,0.7543772212689286,0.0,0.506151172364232,0.0,0.8110119171375656,0.20069096562446018,0.9479634990195914
all14_seed2,A,philips_camera;360_camera;ezviz_camera;hichip_battery_camera;mercury_wirecamera;skyworth_camera;tplink_camera;xiaomi_camera;aqara_gateway;gree_gateway;ihorn_gateway;tcl_gateway;xiaomi_gateway;linksys_router,14,3629498,2903598,549401,1.0,HorusEye,2,18,17,0.7628,156505,retrained,0.1475570727078719,0.17931264240670697,0.7899646199307379,0.5047246282992455,26.2,0.454248490143199,0.8379535928697218,0.0,0.5537191397953403,0.0,0.544393285651089,0.0012990936555891239,0.9056310172614004,0.0,0.5535041393390989,0.7224756690997567,0.9981951620405621,0.0,0.9444926309707697,0.004897959183673469,0.8199684297177121,0.0,0.940092097112208,0.9286018965121239,0.9834190247675193,0.0006073700875210339,0.5613865284935347,0.0028351559335763467,0.7015809614936317,0.2402433516644085,0.990412475574487,0.005704177046102747,0.9550345005008436,0.0,0.5465558441153489,0.0,0.8030950891885377,0.207496977025393,0.9802631238863606
all14_seed2,A,philips_camera;360_camera;ezviz_camera;hichip_battery_camera;mercury_wirecamera;skyworth_camera;tplink_camera;xiaomi_camera;aqara_gateway;gree_gateway;ihorn_gateway;tcl_gateway;xiaomi_gateway;linksys_router,14,3629498,2903598,549401,1.0,Magnifier,2,18,17,0.7628,156505,retrained,0.13807107134021737,0.1696562177182976,0.6782383123053555,0.46900008652195063,26.2,0.4504501082538838,0.748029266876485,0.0,0.28796441305533094,0.0,0.30620811660945746,0.0009667673716012085,0.879288513991088,0.0,0.3208023303799338,0.6066757907542579,0.9975407739192509,0.0,0.9308377735567386,0.004807256235827664,0.7455205095488245,0.0,0.9238641295584729,0.9257144732093053,0.9718822882761539,0.0005476287674369978,0.33960648736073595,0.0002700148508167949,0.5223927928316816,0.21699742302276773,0.9874552903620539,0.002707678977580418,0.943796486097215,0.0,0.27714825163059165,0.0,0.6694755728316738,0.18918638797719814,0.9743361070283479
