fpr,A_HorusEye,A_Kitsune,B_HorusEye,B_Kitsune
1e-05,0.08693959148128252,0.06983947290321785,0.3773717256582923,0.30428896575706055
1.122018454301963e-05,0.08693959148128252,0.06983947290321785,0.3773717256582923,0.30428896575706055
1.2589254117941661e-05,0.09132009375219108,0.06988261489834498,0.3773717256582923,0.30428896575706055
1.4125375446227555e-05,0.09132009375219108,0.06988261489834498,0.3773717256582923,0.30428896575706055
1.584893192461114e-05,0.09132009375219108,0.06988261489834498,0.4038114068276571,0.3530647329027699
1.778279410038923e-05,0.09132009375219108,0.06988261489834498,0.4038114068276571,0.3530647329027699
1.9952623149688786e-05,0.12508280293985222,0.07444907081165952,0.4038114068276571,0.3530647329027699
2.238721138568338e-05,0.12508280293985222,0.07444907081165952,0.4038114068276571,0.3530647329027699
2.5118864315095822e-05,0.12777306932341592,0.08159301607634856,0.41475204122107884,0.3761240721829169
2.818382931264455e-05,0.12777306932341592,0.08159301607634856,0.41475204122107884,0.3761240721829169
3.1622776601683795e-05,0.13015693154958394,0.08701051412102483,0.41839156743102474,0.37876747204899885
3.5481338923357534e-05,0.13015693154958394,0.08701051412102483,0.41839156743102474,0.37876747204899885
3.9810717055349695e-05,0.13689110345280636,0.08825391619181008,0.4194577855655318,0.3877830031415641
4.466835921509635e-05,0.1492355136981318,0.09212413680713583,0.4194577855655318,0.3877830031415641
5e-05,0.1492355136981318,0.09212413680713583,0.4251000624332355,0.39242100540957714
5.011872336272725e-05,0.15098561460076307,0.09815290907335597,0.4251000624332355,0.39242100540957714
5.623413251903491e-05,0.15098561460076307,0.09815290907335597,0.4273381969077962,0.3934423880008985
6.309573444801929e-05,0.15331638624577984,0.1028540493344744,0.4273381969077962,0.3934423880008985
7.079457843841373e-05,0.15398813917931056,0.10301863321920114,0.43133139666472964,0.3945175573713472
7.943282347242822e-05,0.15439125335756865,0.10552621910664238,0.43198746636935614,0.41329751130462705
8.912509381337459e-05,0.15453311407670078,0.10936786598573797,0.43497504372063595,0.41592175428123745
0.0001,0.15495269308721196,0.11019008695960969,0.4373876916693384,0.4164988506469915
0.0001122018454301963,0.16002210203528708,0.11338865049557174,0.437883480425577,0.41887900101259934
0.00012589254117941674,0.161749586674532,0.11709773598378756,0.438708700506162,0.4266610452076896
0.00014125375446227554,0.1686293219730916,0.12398761995377039,0.44240755507693735,0.431707039803405
0.00015848931924611142,0.17043693921068562,0.12591257407683698,0.44519673672877236,0.4325500848798359
0.00017782794100389227,0.18578454357512514,0.12762820316569584,0.44828243988256006,0.43478722147999566
0.00019952623149688788,0.19316808959578355,0.13016056253916364,0.45254575054207136,0.43511497411656125
0.000223872113856834,0.1962230598471099,0.13748817860044463,0.45606976003108024,0.4356623449955203
0.0002511886431509582,0.19781963747193954,0.14118288766951287,0.4572888238554844,0.4373606450190951
0.0002818382931264455,0.19877594384615,0.14225710494515034,0.460236889174773,0.4378693099472826
0.00031622776601683794,0.2006255740127088,0.1448242977361683,0.46461890591547433,0.4388514093623585
0.0003548133892335753,0.20328312834604256,0.14831910957562097,0.4674883189728838,0.4396183355491124
0.00039810717055349735,0.20651217840385372,0.1488980633984083,0.47038309038206005,0.4403092726005946
0.0004466835921509635,0.2092387298110852,0.14997080081871297,0.4719413104431031,0.44106855740034073
0.0005,0.21346365785456484,0.15163154934082146,0.4749832804901893,0.44213514839172624
0.0005011872336272725,0.21346365785456484,0.15163154934082146,0.4749832804901893,0.44213514839172624
0.0005623413251903491,0.2165999506785457,0.15275445223859277,0.4768959360697143,0.44278865073862905
0.000630957344480193,0.219109684835119,0.15366649339240615,0.47870799073998777,0.4440359370288376
0.000707945784384138,0.22120383066524762,0.1541272853736408,0.47995367979264647,0.4448367107653186
0.0007943282347242822,0.22305279483314452,0.15477021007730282,0.4821720655095723,0.4455591515519118
0.0008912509381337459,0.22501101287560982,0.15546277015494586,0.48392298252455174,0.4463028316745801
0.001,0.22733594711294472,0.15625956963939372,0.4851536970020737,0.44686484752668476
0.0011220184543019641,0.23008869832211495,0.1566688348953162,0.4870289366409512,0.4481112630682464
0.0012589254117941675,0.23543458401142284,0.15714113464079554,0.48852562853768927,0.44886721112368094
0.001412537544622754,0.2371771489880132,0.15811654696648397,0.4900816274337411,0.45013860327457095
0.001584893192461114,0.23874621293347198,0.1588953038863568,0.4912300190346081,0.45168477882039165
0.0017782794100389228,0.24081396717819994,0.1597452950444303,0.4929021962682903,0.45309460075898883
0.0019952623149688807,0.24291005793893344,0.16052830318414077,0.49427841018543806,0.4547570038420887
0.00223872113856834,0.2454914893499132,0.16122801577532375,0.49649493758990143,0.4578373982679906
0.002511886431509582,0.2499993443585918,0.16172602233554967,0.49801389250146766,0.46277688747075674
0.002818382931264455,0.25394816432496303,0.1624439372923022,0.5007421928104415,0.46631066992638487
0.0031622776601683794,0.25757468980074844,0.16313746374450247,0.5046125659487919,0.46995989639565233
0.0035481338923357567,0.26003463740115285,0.1639455443322117,0.506143505490363,0.4739248309042186
0.003981071705534973,0.2638452677356513,0.16469619334835706,0.5081536447765128,0.4771064692728938
0.004466835921509635,0.2677177932408853,0.16553551803221084,0.5098307466818843,0.48036264790689226
0.005011872336272725,0.27220231391215055,0.1666423928279874,0.5117375643632787,0.4847185005907524
0.005623413251903491,0.27877910970088726,0.16820643257796083,0.5129104380763854,0.4879657152064355
0.006309573444801936,0.285236593949322,0.16981024797837138,0.5141212555959586,0.48997329363411224
0.00707945784384138,0.29144669912485266,0.17562735188299514,0.5153945381567056,0.4956385309938415
0.00794328234724282,0.2963415159162768,0.18129164309320792,0.5168441735777036,0.5018987725279636
0.008912509381337459,0.3025273008985286,0.20283444806005146,0.5187700449666982,0.5422881906699251
0.01,0.3088059959964018,0.2144428273014813,0.5213201095153963,0.5723734615325455
