task,condition,detector,n_benign_test,max_fp_5e5,max_fp_5e4,macro_tpr_5e5,macro_roc_auc,macro_tpr_5e4,macro_pr_auc,fp_5e5_realized_max,status,corpus,tpr_5e5:DOS_synflooding,roc_auc:DOS_synflooding,tpr_5e5:Hakai,roc_auc:Hakai,tpr_5e5:Hide_and_seek,roc_auc:Hide_and_seek,tpr_5e5:MITM,roc_auc:MITM,tpr_5e5:Muhstik,roc_auc:Muhstik,tpr_5e5:Okiru,roc_auc:Okiru,tpr_5e5:Password_attack,roc_auc:Password_attack,tpr_5e5:Ransomware,roc_auc:Ransomware,tpr_5e5:SQL_injection,roc_auc:SQL_injection,tpr_5e5:Sparta,roc_auc:Sparta,tpr_5e5:Torii,roc_auc:Torii,tpr_5e5:UDP_scan,roc_auc:UDP_scan,tpr_5e5:Uploading_attack,roc_auc:Uploading_attack,tpr_5e5:Vulnerability_scanner,roc_auc:Vulnerability_scanner,tpr_5e5:XSS_attack,roc_auc:XSS_attack,tpr_5e5:bruteforce,roc_auc:bruteforce,tpr_5e5:http_ddos,roc_auc:http_ddos,train,test
C4b,all14,IsolationForest,156505,7,78,0.0,0.6667727568248569,0.0,0.2613413084369565,6,ok,A,0.0,0.6404173646632776,0.0,0.30069238871103643,0.0,0.5217149537899122,0.0,0.7655540090174044,0.0,0.5171924084495187,0.0,0.8616910161254302,0.0,0.8197268935293754,0.0,0.5936613861416263,0.0,0.843013311419201,0.0,0.9380567272645273,0.0,0.22530060467071233,0.0,0.5911040229732683,0.0,0.8594899807502361,0.0,0.8820681956696839,0.0,0.5616773157533619,0.0,0.7470035302691389,0.0,0.8871002548991196,,
C4b,all14,kNN,156505,7,78,0.14165788961699205,0.8529262121702825,0.2559262405924069,0.6256638820742275,7,ok,A,0.45595776199339083,0.8223452868884251,0.0,0.5643192752470765,0.0,0.6796680720466957,0.00283987915407855,0.9908734763355629,0.0,0.6809391701712596,0.5592305352798054,0.9991048871016226,0.0,0.9969620600916831,0.0036281179138321997,0.953554560318105,0.0,0.9972261645663287,0.9362470059389048,0.9901955188448002,0.0004878874473529617,0.5972061117847183,0.0013500742540839747,0.8018960604828089,0.3007358996838554,0.9980847347668176,0.0005776381818838226,0.999016795261277,0.0,0.7252842121664845,0.005471434024685074,0.8501430086508539,0.2109518051476939,0.996613811600632,,
C4b,vol_match,IsolationForest,156505,7,78,0.0,0.663257408804399,0.0,0.2551064919258441,1,ok,A,0.0,0.6174067447280238,0.0,0.26195875350857617,0.0,0.5102189849119867,0.0,0.7631197662574799,0.0,0.5091463229298707,0.0,0.8386527938229626,0.0,0.8220087874579991,0.0,0.6123604301181832,0.0,0.8421803486468808,0.0,0.9456675973309114,0.0,0.2411993807460958,0.0,0.6106219482530311,0.0,0.8549098989388773,0.0,0.8749564781470546,0.0,0.5790895122849141,0.0,0.7286207927875348,0.0,0.8775549207545419,,
C4b,vol_match,kNN,156505,7,78,0.14271944743512854,0.8534914383241152,0.2495398999619287,0.6245204277332668,7,ok,A,0.4545523606943442,0.8222380598091019,0.0,0.5671520301363202,0.0,0.6816925976258191,0.003081570996978852,0.9907827625556783,0.0,0.6829654238210429,0.572992700729927,0.9990909744056824,0.0,0.9965946208460403,0.0035374149659863946,0.9527931707788491,0.0,0.9970934673778473,0.934672047773731,0.9902287885634502,0.0005078012207143071,0.5946623062651801,0.0013500742540839747,0.8022956653817519,0.2953162774634043,0.9979986951139262,0.0005776381818838226,0.9989606563445905,0.0,0.7308781001743401,0.01692327268100267,0.8504356939862235,0.21634133701848332,0.9964208525902345,,
C4b,cam8,IsolationForest,124124,6,62,0.0,0.6319635200953998,0.0,0.29295556138873763,6,ok,A,0.0,0.5921518566553959,0.0,0.2251626387521831,0.0,0.42457672571403193,0.0,0.7040574667511613,0.0,0.41599694563451084,0.0,0.8137276704243093,0.0,0.7941504875985956,0.0,0.5049917195670981,0.0,0.8569761494629164,0.0,0.9477951697789344,0.0,0.30724133730908754,0.0,0.5580900637097477,0.0,0.8563536651586874,0.0,0.890064614953076,0.0,0.5101724530485898,0.0,0.7099073570080715,0.0,0.8850206522312687,,
C4b,cam8,kNN,124124,6,62,0.18138205138608615,0.8316337167346334,0.277841878607353,0.6407162531330604,6,ok,A,0.45789493675694154,0.7866779872588947,0.0,0.523876463111633,0.0,0.6150495905786884,0.0037462235649546828,0.9894512509223551,0.0,0.6263777780479558,0.6927463503649635,0.9990712939393626,0.0,0.9964403625865389,0.006712018140589569,0.9533521280855053,0.0,0.9969804729484417,0.9367391803655215,0.9883256517315304,0.0005476287674369978,0.5396246783652623,0.0013500742540839747,0.7609795193331039,0.32900294891209053,0.9978312506487216,0.000794252500090256,0.999029463616953,0.0,0.7121164172365618,0.4725792085507062,0.8209551593426256,0.2309552599758162,0.996489289217294,,
C4b,gw6,IsolationForest,32318,1,16,0.0,0.8674123832580183,0.008681236439727319,0.8106728211142455,1,ok,A,0.0,0.7357599247100957,0.0,0.37470502284848134,0.0,0.8783103505044446,0.0,0.994764620054971,0.0,0.8214250712648401,0.0,0.9816920925063568,0.0,0.9984042696713129,0.0,0.9332055751524778,0.0,0.9985242420168944,0.0,0.9965640647106229,0.0,0.3585517134534183,0.0,0.9562620222842375,0.0,0.9919377460528926,0.0,0.9988479464651411,0.0,0.9427955354171834,0.0,0.9168479350149202,0.0,0.9980008520227459,,
C4b,gw6,kNN,32318,1,16,0.6488811964762972,0.9928266072365967,0.8088232655918826,0.9880023108258557,1,ok,A,0.5146047783644168,0.9702712027744441,0.0,0.9447428512476487,0.8253192765920974,0.9969525136267843,0.9527492447129909,0.9998345005794943,0.8497288923315259,0.9983671752243355,0.998441301703163,0.9998978434906447,0.9929997789403876,0.9999456220349223,0.0010884353741496598,0.9969396399358472,0.996876708050285,0.9999555945884904,0.9721757390819307,0.9999249164190317,0.0004381030139495982,0.9817391975313882,0.6231942756851627,0.9996183047076068,0.996254084641747,0.9999367031240463,0.9970757067042132,0.9999584847132935,0.0,0.9978480814386831,0.6611528184247359,0.9992930843488854,0.9950595957851097,0.9999927788340968,,
C4b,rand5_a,IsolationForest,48578,2,24,0.0,0.7243446723268131,0.009464120637546161,0.5586054855643325,1,ok,A,0.0,0.6540883223295643,0.0,0.3148504249058087,0.0,0.5550702936045577,0.0,0.8585067003463704,0.0,0.5436845242962367,0.0,0.9214108561666545,0.0,0.93143543645746,0.0,0.6568016717439442,0.0,0.9677525621443429,0.0,0.974623252995745,0.0,0.2546447807462459,0.0,0.6376329068451599,0.0,0.9420277154525714,0.0,0.9870801956983296,0.0,0.6221435789658797,0.0,0.76776153453014,0.0,0.9581514837515297,,
C4b,rand5_a,kNN,48578,2,24,0.15152017251418387,0.8788241220112124,0.2659206251333543,0.7641334265365849,2,ok,A,0.4469555969157139,0.8408232557297176,0.0,0.6321552018088943,0.0,0.735004002826412,0.002054380664652568,0.9925659502473925,0.0,0.7405714352753106,0.7073068734793188,0.9991189252793484,0.0,0.9963849304019898,0.004897959183673469,0.9742775790651667,0.0,0.9979663569931507,0.9332611477507629,0.9911959666058867,0.000637240747563052,0.6469422282532732,0.0,0.8262531112808307,0.2731064530697909,0.9980315087361765,0.056103108415466264,0.9991955551046312,0.0,0.8228973942060286,0.0,0.8678025503651894,0.2082915874935222,0.9975018352485364,,
C4b,rand5_b,IsolationForest,44583,2,22,6.22305417542043e-07,0.6989694235687114,7.510267550569478e-06,0.5536333943205655,2,ok,A,0.0,0.6677239562294621,0.0,0.23031001977356838,0.0,0.463615060929527,0.0,0.8305883713414668,0.0,0.46084093766710166,0.0,0.8909807636258744,0.0,0.926278203465195,0.0,0.6041174709272414,0.0,0.9574963602882981,0.0,0.9725000360642357,9.956886680672688e-06,0.3147501893478447,0.0,0.6087180444611554,0.0,0.9391781530936236,0.0,0.9824096209861057,0.0,0.5925933476555715,0.0,0.7414102412431116,0.0,0.9609037784802614,,
C4b,rand5_b,kNN,44583,2,22,0.21862426320034845,0.857903023658946,0.29488092747785344,0.7616900392190389,2,ok,A,0.4577430014813689,0.8118693680620983,0.0,0.5888091021501444,0.0,0.6670203450270652,0.017885196374622356,0.992274854063906,0.0,0.6568068877285134,0.7756995133819952,0.9991377685551152,0.0,0.9978523026236394,0.005442176870748299,0.9731284943677879,7.808229874287499e-05,0.9983074309235196,0.9351642222003478,0.9910407253511992,0.0007567233877311243,0.626479542624913,0.0013500742540839747,0.8122507790347553,0.3597141414946468,0.9981824667894165,0.3407704249250875,0.9993905524762121,0.0,0.771993193105401,0.6033846545362005,0.8419045656594502,0.41606495076869926,0.9985739009940707,,
C4b,os_days1,IsolationForest,124792,6,62,0.00015211568716938943,0.8628151863022727,0.00034275405482155844,0.5289026857988257,6,ok,B,0.0,0.7893668442188817,0.0,0.5165976448112373,0.0,0.8261917856169099,0.0,0.975210164577906,0.0,0.7935265067284198,0.0,0.9669321478434032,0.0,0.9725281896413337,0.0,0.8505631128020155,0.0,0.9828084867865244,0.0,0.9863005714113856,0.0,0.6049059996652089,0.0,0.8849114449868368,0.00015940065354267953,0.976872635855655,0.002274450341167551,0.9929354436829492,0.0,0.8216994030388778,0.0,0.8636925991688189,0.0,0.9843896141607688,,
C4b,os_days1,kNN,124792,6,62,0.46081716388366784,0.8943838121682652,0.467937529539434,0.7289356024886637,6,ok,B,0.477570554943594,0.8200985153162755,0.0,0.5010990174370722,0.0,0.9430833525826436,0.789546827794562,0.9944006625211663,0.0,0.9423293206526179,0.9712971411192214,0.999604732177019,0.8216785793235576,0.9975590051656582,0.0005442176870748299,0.8759930541654875,0.9229132505660966,0.9985274730383183,0.9412999967188371,0.9919998449424962,0.0003086634871008533,0.5717311675789047,0.16929931146213043,0.9217979365700166,0.8229855742408544,0.9977922845986009,0.8919455576013574,0.9987092246904099,0.0,0.8463902887096413,0.5636849471942995,0.9090251145459168,0.7494904128519606,0.9979260094428499,,
C4b,os_days2,IsolationForest,124792,6,62,0.0005645984325737072,0.8563159331229827,0.0012695730714673645,0.5303907439884886,6,ok,B,0.0,0.8026531909343283,0.0,0.5033509158045235,0.0,0.806220444794596,0.00030211480362537764,0.9786955435839193,0.0,0.7814524879857092,0.0,0.967242208187709,0.0,0.9776611244783857,0.0,0.8453111575848153,0.0,0.9843336110694771,0.0,0.9851655709814522,0.0,0.5626815889921175,0.0,0.86819917620631,0.004038149889747882,0.9775133708040511,0.004693310227806058,0.993574738597164,0.0,0.8166389488898523,0.0,0.8503608510733129,0.00027638624978407325,0.9840203454914499,,
C4b,os_days2,kNN,124792,6,62,0.4636032899568868,0.8980011587421174,0.49703542089339836,0.7446294114421834,6,ok,B,0.4703156455350021,0.8288121256386193,0.0,0.5326896529164072,0.0,0.9504095658580353,0.8195468277945619,0.9954959228591422,0.0,0.949964057775407,0.9796608880778589,0.9997717965163619,0.8493847174121288,0.9987783283497809,0.0014512471655328798,0.8615005159060869,0.9299016163035839,0.9990706266311706,0.9441874200216557,0.9922230240692319,0.00034849103382354404,0.5959703295391894,0.2130417172944512,0.9245091411425475,0.8743125846815972,0.9988264990358479,0.9092386006715044,0.9994222541983351,0.0,0.8258758368658069,0.4262628833184884,0.914698862571908,0.7671100362756953,0.9993333690816537,,
C4b,os_days3,IsolationForest,124792,6,62,0.0004780688231536561,0.8558154183304822,0.002164435477081635,0.5287077651226045,5,ok,B,0.0,0.8182571733576697,0.0,0.4951065592576263,0.0,0.8066407626143507,0.0008761329305135952,0.9766514213185484,0.0,0.7854582670800463,0.0,0.9674222395116568,0.0,0.9752881265134786,0.0,0.8463904265041701,0.0,0.9841333912792439,0.0,0.9852498099837769,0.0,0.5481257712857095,0.0,0.8687007631082893,0.0007438697165325044,0.9791225410645175,0.006029098523412398,0.9933716075621027,0.0,0.804163225244505,0.0,0.8589646076020236,0.0,0.9847291860143446,,
C4b,os_days3,kNN,124792,6,62,0.46710323953945787,0.9506609976180533,0.5063236903775192,0.8227661883477494,6,ok,B,0.4707714513617199,0.9370060312285042,0.0,0.6960766080121585,0.0,0.979325738253018,0.8266163141993957,0.998465677945503,0.0,0.9771185831457472,0.9825121654501217,0.9998852631533128,0.8555743865595755,0.9989986470638715,0.0019047619047619048,0.9388470291208563,0.9315999063012415,0.9992915724062803,0.9452045805033303,0.9974550638448683,0.0003684048071848894,0.8022056030897976,0.2287025786418253,0.9773626305937628,0.8870380701894212,0.9992166786472624,0.9111159247626268,0.9995760059797809,0.0,0.9434987370949733,0.4322432879501209,0.966246092309156,0.7846260148557609,0.9996724106349483,,
C4b,os_days5,IsolationForest,124792,6,62,0.001051321329767884,0.8670811171394381,0.0033702965867615305,0.5445266904005179,6,ok,B,0.0011395145667945454,0.7988418368001785,0.0,0.6051768882785133,0.0,0.8270022313100543,0.0036253776435045317,0.9793858537101205,0.0,0.8156981249331808,0.0,0.9818554257374295,0.0,0.9769802409908783,0.0,0.8500563317405514,0.0,0.9842369842091402,0.0,0.9860388705935856,0.0,0.5680949952951556,0.0,0.8690311608718068,0.0029223453149491247,0.9830438709713822,0.009133903751037944,0.9931428637423798,0.0,0.7977667998125332,0.0,0.8569453952341195,0.007807911556400069,0.9843066027182757,,
C4b,os_days5,kNN,124792,6,62,0.4823861175901626,0.9455721640754556,0.5188680911139525,0.8139796290794109,6,ok,B,0.4847115128955065,0.9320312413842277,0.0,0.7201453894469831,0.0,0.9801425833837184,0.8704833836858006,0.9988843541998297,0.0,0.9771218352652523,0.9896213503649635,0.9998940466254583,0.8588165942082382,0.9991134356699309,0.0044444444444444444,0.9420158910413322,0.9108885765596939,0.999331968351611,0.9490435410309414,0.9973396403597736,0.0006173269742017066,0.7156698814235011,0.24854867017685972,0.9722078448488333,0.886852102760288,0.9992850551179866,0.9170006137405683,0.999622171538937,0.0,0.9419547324799413,0.5971497646010943,0.954394554069974,0.8130592503022974,0.9997581875013558,,
C4b,"train=all14, test=gw6_test",IsolationForest,32318,1,16,1.8669162526261288e-06,0.8755965801185217,0.00039612540494197177,0.8088493662440103,1,ok,,0.0,0.8080814296916679,0.0,0.5295294186816211,0.0,0.8638067841382956,0.0,0.9889493924517853,0.0,0.8471574434182312,0.0,0.9982023865746252,0.0,0.9956886375838031,0.0,0.9180682949583076,0.0,0.9980863754371364,0.0,0.9932454128702801,2.987066004201806e-05,0.4168560554237123,0.0,0.8904606739260874,0.0,0.9974284408510831,0.0,0.9985872257504695,0.0,0.8962163119280019,0.0,0.8691809982112404,0.0,0.9977630399477143,all14,gw6_test
C4b,"train=all14, test=gw6_test",kNN,32318,1,16,0.23348767174597274,0.9764146551705286,0.525992784815213,0.9478320890641649,1,ok,,0.48444562616325443,0.97723666039203,0.0,0.8655461050755834,0.0,0.9724456587670735,0.016163141993957703,0.9992758550836113,4.841208365608056e-05,0.9730466106232559,0.9027524330900243,0.9998615139220962,3.684326873480215e-05,0.9997772713936736,0.004807256235827664,0.9938845871083545,0.0,0.9997742875415466,0.9426452734849231,0.9988917643549701,0.0008164647078151604,0.9064317188238398,0.011745646010530578,0.9803628570819616,0.5419090884939295,0.999812411091665,0.22704790786671,0.9998948905350911,0.0,0.9800797775476949,0.6033846545362005,0.9763125133860111,0.4173777854551736,0.9996953223874283,all14,gw6_test
C4b,"train=gw6, test=all14_test",IsolationForest,156505,7,78,0.0,0.5616226000375311,0.0,0.16862999201956724,4,ok,,0.0,0.4096525042179896,0.0,0.11624690901265794,0.0,0.4891571122722951,0.0,0.7593261054273626,0.0,0.4227007692307503,0.0,0.6395924734045716,0.0,0.7506328845151256,0.0,0.5693366098364204,0.0,0.7344293047454682,0.0,0.7367934197138211,0.0,0.11211445829609228,0.0,0.6109977645684349,0.0,0.6667329191175718,0.0,0.7877358116246153,0.0,0.5838091315956753,0.0,0.5967034230216449,0.0,0.7386510887887903,gw6,all14_test
C4b,"train=gw6, test=all14_test",kNN,156505,7,78,0.03269523304655706,0.6583975424758954,0.03364333465942065,0.2506461597946244,7,ok,,0.06415467011053291,0.5631410766178235,0.0,0.23599525180374875,0.0,0.6504547713812895,0.0,0.723012906646323,0.0,0.6382354989685494,0.0,0.8841111161815062,0.0,0.7431832465538855,0.0,0.5933558391163671,0.0,0.7901036365214789,0.45896905863438003,0.9309822995966426,0.0,0.2833261751065985,0.0,0.6564281962634874,0.0,0.7905980199009194,0.0,0.7894138992392834,0.0,0.6212096748133569,0.0,0.6408090709030682,0.0,0.71870731525832,gw6,all14_test
