task,condition,detector,n_benign_test,max_fp_5e5,max_fp_5e4,macro_tpr_5e5,macro_roc_auc,macro_tpr_5e4,macro_pr_auc,fp_5e5_realized_max,status,devices,n_train_rows,n_train_rows_80pct,train_minutes,tpr_5e5:DOS_synflooding,roc_auc:DOS_synflooding,tpr_5e5:Hakai,roc_auc:Hakai,tpr_5e5:Hide_and_seek,roc_auc:Hide_and_seek,tpr_5e5:MITM,roc_auc:MITM,tpr_5e5:Muhstik,roc_auc:Muhstik,tpr_5e5:Okiru,roc_auc:Okiru,tpr_5e5:Password_attack,roc_auc:Password_attack,tpr_5e5:Ransomware,roc_auc:Ransomware,tpr_5e5:SQL_injection,roc_auc:SQL_injection,tpr_5e5:Sparta,roc_auc:Sparta,tpr_5e5:Torii,roc_auc:Torii,tpr_5e5:UDP_scan,roc_auc:UDP_scan,tpr_5e5:Uploading_attack,roc_auc:Uploading_attack,tpr_5e5:Vulnerability_scanner,roc_auc:Vulnerability_scanner,tpr_5e5:XSS_attack,roc_auc:XSS_attack,tpr_5e5:bruteforce,roc_auc:bruteforce,tpr_5e5:http_ddos,roc_auc:http_ddos,train,test,run
C3,all14,Kitsune,156505,7,78,0.0921241368071358,0.705975372610604,0.1516315493408214,0.400947662213332,7,ok,philips_camera;360_camera;ezviz_camera;hichip_battery_camera;mercury_wirecamera;skyworth_camera;tplink_camera;xiaomi_camera;aqara_gateway;gree_gateway;ihorn_gateway;tcl_gateway;xiaomi_gateway;linksys_router,3629498.0,2903598.0,9.5,0.3468682341322596,0.5621982711732969,0.0,0.1289944453119595,0.0,0.7243846429701383,0.0002114803625377,0.7186243388071634,0.0,0.6977097729719659,0.0848920316301703,0.9956670866430656,0.0,0.6313285853144583,0.0072562358276643,0.7038915551950735,0.0,0.8960642126014582,0.881418774813794,0.9895076982830076,0.0004381030139495,0.0760989733469444,0.0,0.8956980697578507,0.1528652267474296,0.9527678508279174,3.610238636773891e-05,0.8536561936032494,0.0,0.7007425813595496,0.0,0.7682716836025629,0.0548281223009155,0.9392348893998328,,,
C3,gw6,Kitsune,32318,1,16,0.6557782103182493,0.9170331549426576,0.670889114911501,0.9075213348041082,1,ok,aqara_gateway;gree_gateway;ihorn_gateway;tcl_gateway;xiaomi_gateway;linksys_router,641604.0,513283.0,2.5,0.5141109887188058,0.896543651833739,0.0,0.4903959576747346,0.8435330419130882,0.981456768700458,0.9544108761329304,0.99807049152222,0.8596049573973664,0.9756438459592272,0.9979470802919708,0.999778299465214,0.9950630019895366,0.9995306342214736,0.0042630385487528,0.9428522762530348,0.9967205434527991,0.9996203623317286,0.9714210716277848,0.9988921065023426,0.0003584479205042,0.4771456829997772,0.6546510058053193,0.991753476758692,0.9958290162323,0.9994981264981286,0.9954149969312972,0.9998279344492284,0.0,0.9503355919577142,0.709123298129533,0.9711852719548084,0.9948177578165486,0.999871331758631,,,
C3,cam8,Kitsune,124124,6,62,0.1388068035915665,0.6712095600731991,0.1504114134659471,0.3899321889120467,6,ok,philips_camera;360_camera;ezviz_camera;hichip_battery_camera;mercury_wirecamera;skyworth_camera;tplink_camera;xiaomi_camera,2987894.0,2390315.0,7.2,0.452995024119725,0.5658119649891252,0.0,0.2735662491712841,0.0,0.5959399649999274,0.0006042296072507,0.7428319013118254,0.0,0.6390559233531516,0.507831508515815,0.991887022293596,0.0,0.7293254218927084,0.0069841269841269,0.7130425444645326,0.0,0.6686667103012625,0.9379203989894018,0.9853377681276984,0.0005277149940756,0.0624702753554181,0.0,0.8597676477874807,0.3140458542546691,0.9608068249441204,0.0,0.8368429542086098,0.0,0.4401884856368812,0.0,0.6738113023335637,0.2103299360856797,0.956979434732292,,,
C3,vol_match,Kitsune,156505,7,78,0.1320593710157785,0.700852029480512,0.1512405567571256,0.3897565121663324,7,ok,philips_camera;360_camera;ezviz_camera;hichip_battery_camera;mercury_wirecamera;skyworth_camera;tplink_camera;xiaomi_camera;aqara_gateway;gree_gateway;ihorn_gateway;tcl_gateway;xiaomi_gateway;linksys_router,2011148.0,1608918.0,4.8,0.3180764994112508,0.5505873809089235,0.0,0.1599093073483408,0.0,0.6958803404267908,3.0211480362537764e-05,0.6490260846081672,0.0,0.6945009629644606,0.6711526763990268,0.993060376560344,0.0,0.7496041369040733,0.0059863945578231,0.6737987129720849,0.0,0.8970840962422444,0.8714768513961348,0.9878504872429336,0.0003783616938655,0.1121160418994583,0.0,0.8684678850908891,0.2458489413139927,0.9731085799565662,0.0,0.8185497874278087,0.0,0.6692930714327041,0.0,0.7207952197024001,0.1078251856970115,0.9569873494803344,,,
C3,rand5_a,Kitsune,48578,2,24,0.0867539636057945,0.7494352328079883,0.0970163279301239,0.6350244863416064,2,ok,ezviz_camera;mercury_wirecamera;tplink_camera;aqara_gateway;tcl_gateway,1171120.0,936896.0,3.9,0.4212025677061571,0.5917257228987787,0.0,0.114175935567058,0.0,0.7793317831238358,0.0022658610271903,0.9544640546943596,0.0,0.77848185888465,0.0280945863746958,0.9871357973378456,0.0,0.9647449493360536,0.0129705215419501,0.7875979673711744,0.0,0.8986806519428635,0.9206286708009318,0.977448104689285,0.0021307737496639,0.1290010673971911,0.0,0.6727451524099544,0.0007704364921229,0.9621928073287426,0.0,0.9430394669685468,0.0,0.7138701967620383,0.0,0.736328208215435,0.2698566246329245,0.9759904010710664,,,
C3,"train=all14, test=gw6_test",Kitsune,32318,1,16,0.1069271987846764,0.7706986898713992,0.1570021173456334,0.7524539328292064,1,ok,,,,,0.3702282827515478,0.5707793852057406,0.0,0.1482163370698954,0.0,0.8409000272231487,0.0008157099697885,0.8090892460479124,0.0,0.8018987887913243,0.2518248175182482,0.9984521475795054,0.0,0.7658731353763968,0.007891156462585,0.8249828160321208,0.0,0.9701579012146864,0.8910982052039242,0.994740344084881,0.0005177581073949,0.0983310838855798,0.0,0.965044343451638,0.1882787386094949,0.9780732838199594,0.0001805119318386,0.9328369928818112,0.0,0.8116059348346452,0.0,0.8201972704431415,0.07956469165659,0.9755358636932938,all14,gw6_test,
C3,"train=gw6, test=all14_test",Kitsune,156505,7,78,0.0277554586335255,0.6343634099324403,0.0285626056713561,0.2417053229295102,6,ok,,,,,0.0492650131044175,0.5803262078908105,0.0,0.1539310076831299,0.0,0.6482081421743183,0.0,0.723914194994494,0.0,0.6300105246054086,0.0,0.8832839183581349,0.0,0.7435570883194466,0.0,0.5278969977776314,0.0,0.7900611244379369,0.3948223250319913,0.9153914134965347,0.0,0.1571110786343183,0.0,0.653479399627099,0.0,0.7889459439839303,0.0,0.7889558715932845,0.0,0.5407526212601285,0.0,0.6239890240824392,0.0,0.7139366961824469,gw6,all14_test,
C3,rand5_b,Kitsune,44583,2,22,0.1581882858534224,0.7761466435222426,0.1748005473177805,0.6849693392038512,2,ok,ezviz_camera;hichip_battery_camera;tplink_camera;xiaomi_camera;ihorn_gateway,1192793.0,954234.0,3.5,0.4008052569605348,0.681901520359881,0.0,0.2803511906814014,0.0,0.6383659544994091,0.003655589123867,0.9612436625722632,0.0,0.695699962131224,0.8682709854014599,0.9932242484055954,0.0,0.9150399106983228,0.0123356009070294,0.8856785135605058,7.808229874287499e-05,0.9152082534140435,0.9091117892180988,0.987761792487891,0.0007666802744117,0.1734753622348729,0.0,0.8731566552693606,0.3341834701522276,0.983692406429134,0.0018051193183869,0.9957490972559137,0.0,0.6922200578461835,0.0,0.7455777085098804,0.3204353083434099,0.9751597842508152,,,C3b
C3,os_days1,Kitsune,124792,6,62,0.4029516965001087,0.8330327266998969,0.4079435825560369,0.7090141034593507,6,ok,os_files_0,402162.0,321729.0,1.2,0.4585786454970182,0.5294457536120063,0.0,0.1420371179986977,0.0,0.94908430791604,0.6807250755287009,0.99015873712952,0.0,0.9283710414036004,0.9522886253041364,0.9990461582452764,0.7354653304841205,0.9946532254341476,0.0022675736961451,0.8197930775404376,0.8964238307175764,0.9976303906938596,0.9385766315582242,0.9952972019417408,0.0002588790536974,0.2105256186829369,0.071688942891859,0.963253797480882,0.7745277755638799,0.9962859603230868,0.8192353514567313,0.9974545717289208,0.0,0.8879688338247985,0.11719048224965,0.9275178332423992,0.6816375885299706,0.995900805404176,,,C3b
C3,os_days2,Kitsune,124792,6,62,0.4282370090536325,0.8131972687249467,0.4598972315198968,0.70840773392404,6,ok,"os_files_0,2",772390.0,617912.0,2.1,0.4627948493941581,0.5320248370174816,0.0,0.0878114744294197,0.0,0.9427616505609572,0.7115105740181269,0.9878118634725404,0.0,0.92532023791074,0.9602341849148418,0.9992505747325104,0.770945398275735,0.996171246816319,0.0007256235827664,0.6423492439264742,0.9078043257593504,0.9979513584532982,0.940446894379368,0.9949242286548088,0.0002588790536974,0.1402588844760804,0.0939651680842446,0.9669363199599992,0.800297547886613,0.9973978594592504,0.8438571789595293,0.9982331586076426,0.0,0.8600401434977255,0.3589515205496882,0.9419132176239008,0.6747279322853688,0.9955262115842918,,,C3b
C3,os_days3,Kitsune,124792,6,62,0.4158972903469577,0.8640079533704428,0.4575085311933585,0.7056438287658631,6,ok,"os_files_0,2,4",1138497.0,910797.0,3.0,0.4633266228586622,0.6911034233764772,0.0,0.2061524120368609,0.0,0.9471776124182392,0.7248640483383686,0.9895632125209824,0.0,0.9292787163758388,0.95761100973236,0.9992747542616508,0.7773929703043254,0.9942663120649472,0.0007256235827664,0.8067902228310175,0.9124892636839228,0.9977146073510298,0.9409390688059848,0.992685899093614,0.0002489221670168,0.5219705346150546,0.0823545294991224,0.9534523808627412,0.8112164926542865,0.9979403735307384,0.851619192028593,0.9979951620904456,0.0,0.8664759011397358,0.1315689018959155,0.9322857293577104,0.6849196752461565,0.9954942169390874,,,C3b
C3,os_days5,Kitsune,124792,6,62,0.3924210054095771,0.8533616847820004,0.4421351483917263,0.7029128303228237,6,ok,"os_files_0,2,4,6,7",2011147.0,1608917.0,5.9,0.46735290766133625,0.5713426427479531,0.0,0.4995274797382219,0.0,0.9446282443591003,0.6156193353474321,0.9903127040252986,0.0,0.9263816287746651,0.9454455596107056,0.9992405678133573,0.6812320389064918,0.9918649609739347,0.004807256235827664,0.752751197130347,0.8770203794799719,0.995300164169047,0.9449092758473603,0.9926087689444059,0.0004580167873109436,0.24861904551471498,0.0,0.949492662148665,0.7929651178236498,0.997279602053545,0.8122675908877577,0.9984839098047085,0.0,0.8604603208693808,0.13665860796539,0.9354930574446615,0.6742788046294697,0.9950545574479569,,,C3b
