detector,corpus,attack,TPR_5e5,ROC_AUC,max_FP,oracle_cut,calibrated_tau
HorusEye,proprietary,SQL_injection,0.0,0.953,7,0.11286967247724533,0.11354285457432
HorusEye,proprietary,Hide_and_seek,0.0,0.596,7,0.11286967247724533,0.11354285457432
HorusEye,proprietary,Hakai,0.0,0.519,7,0.11286967247724533,0.11354285457432
Kitsune,proprietary,SQL_injection,0.0,0.896,7,0.07868626498982077,0.0801785440993934
Kitsune,proprietary,Hide_and_seek,0.0,0.724,7,0.07868626498982077,0.0801785440993934
Kitsune,proprietary,Hakai,0.0,0.129,7,0.07868626498982077,0.0801785440993934
HorusEye,open-source,SQL_injection,0.901,0.998,6,0.1762123852968216,0.1857319820180504
HorusEye,open-source,Hide_and_seek,0.0,0.942,6,0.1762123852968216,0.1857319820180504
HorusEye,open-source,Hakai,0.0,0.725,6,0.1762123852968216,0.1857319820180504
Kitsune,open-source,SQL_injection,0.877,0.995,6,0.06235552628987639,0.1103349306554055
Kitsune,open-source,Hide_and_seek,0.0,0.945,6,0.06235552628987639,0.1103349306554055
Kitsune,open-source,Hakai,0.0,0.5,6,0.06235552628987639,0.1103349306554055
HorusEye,proprietary,MITM,0.003,0.927,7,0.11286967247724533,0.11354285457432
HorusEye,proprietary,Uploading_attack,0.277,0.992,7,0.11286967247724533,0.11354285457432
HorusEye,proprietary,Password_attack,0.0,0.957,7,0.11286967247724533,0.11354285457432
HorusEye,proprietary,Vulnerability_scanner,0.002,0.962,7,0.11286967247724533,0.11354285457432
HorusEye,proprietary,Sparta,0.936,0.986,7,0.11286967247724533,0.11354285457432
HorusEye,proprietary,bruteforce,0.0,0.817,7,0.11286967247724533,0.11354285457432
HorusEye,proprietary,UDP_scan,0.002,0.759,7,0.11286967247724533,0.11354285457432
HorusEye,proprietary,DOS_synflooding,0.466,0.745,7,0.11286967247724533,0.11354285457432
HorusEye,proprietary,Okiru,0.696,0.999,7,0.11286967247724533,0.11354285457432
HorusEye,proprietary,Muhstik,0.0,0.647,7,0.11286967247724533,0.11354285457432
HorusEye,proprietary,Torii,0.001,0.482,7,0.11286967247724533,0.11354285457432
HorusEye,proprietary,Ransomware,0.005,0.757,7,0.11286967247724533,0.11354285457432
HorusEye,proprietary,XSS_attack,0.0,0.7,7,0.11286967247724533,0.11354285457432
HorusEye,open-source,MITM,0.73,0.992,6,0.1762123852968216,0.1857319820180504
HorusEye,open-source,Uploading_attack,0.756,0.998,6,0.1762123852968216,0.1857319820180504
HorusEye,open-source,Password_attack,0.778,0.997,6,0.1762123852968216,0.1857319820180504
HorusEye,open-source,Vulnerability_scanner,0.882,0.999,6,0.1762123852968216,0.1857319820180504
HorusEye,open-source,Sparta,0.946,0.994,6,0.1762123852968216,0.1857319820180504
HorusEye,open-source,bruteforce,0.158,0.927,6,0.1762123852968216,0.1857319820180504
HorusEye,open-source,UDP_scan,0.187,0.941,6,0.1762123852968216,0.1857319820180504
HorusEye,open-source,DOS_synflooding,0.472,0.873,6,0.1762123852968216,0.1857319820180504
HorusEye,open-source,Okiru,0.986,1.0,6,0.1762123852968216,0.1857319820180504
HorusEye,open-source,Muhstik,0.0,0.965,6,0.1762123852968216,0.1857319820180504
HorusEye,open-source,Torii,0.0,0.697,6,0.1762123852968216,0.1857319820180504
HorusEye,open-source,Ransomware,0.005,0.649,6,0.1762123852968216,0.1857319820180504
HorusEye,open-source,XSS_attack,0.0,0.37,6,0.1762123852968216,0.1857319820180504
Kitsune,proprietary,MITM,0.0,0.719,7,0.07868626498982077,0.0801785440993934
Kitsune,proprietary,Uploading_attack,0.153,0.953,7,0.07868626498982077,0.0801785440993934
Kitsune,proprietary,Password_attack,0.0,0.631,7,0.07868626498982077,0.0801785440993934
Kitsune,proprietary,Vulnerability_scanner,0.0,0.854,7,0.07868626498982077,0.0801785440993934
Kitsune,proprietary,Sparta,0.881,0.99,7,0.07868626498982077,0.0801785440993934
Kitsune,proprietary,bruteforce,0.0,0.768,7,0.07868626498982077,0.0801785440993934
Kitsune,proprietary,UDP_scan,0.0,0.896,7,0.07868626498982077,0.0801785440993934
Kitsune,proprietary,DOS_synflooding,0.347,0.562,7,0.07868626498982077,0.0801785440993934
Kitsune,proprietary,Okiru,0.085,0.996,7,0.07868626498982077,0.0801785440993934
Kitsune,proprietary,Muhstik,0.0,0.698,7,0.07868626498982077,0.0801785440993934
Kitsune,proprietary,Torii,0.0,0.076,7,0.07868626498982077,0.0801785440993934
Kitsune,proprietary,Ransomware,0.007,0.704,7,0.07868626498982077,0.0801785440993934
Kitsune,proprietary,XSS_attack,0.0,0.701,7,0.07868626498982077,0.0801785440993934
Kitsune,open-source,MITM,0.616,0.99,6,0.06235552628987639,0.1103349306554055
Kitsune,open-source,Uploading_attack,0.793,0.997,6,0.06235552628987639,0.1103349306554055
Kitsune,open-source,Password_attack,0.681,0.992,6,0.06235552628987639,0.1103349306554055
Kitsune,open-source,Vulnerability_scanner,0.812,0.998,6,0.06235552628987639,0.1103349306554055
Kitsune,open-source,Sparta,0.945,0.993,6,0.06235552628987639,0.1103349306554055
Kitsune,open-source,bruteforce,0.137,0.935,6,0.06235552628987639,0.1103349306554055
Kitsune,open-source,UDP_scan,0.0,0.949,6,0.06235552628987639,0.1103349306554055
Kitsune,open-source,DOS_synflooding,0.467,0.571,6,0.06235552628987639,0.1103349306554055
Kitsune,open-source,Okiru,0.945,0.999,6,0.06235552628987639,0.1103349306554055
Kitsune,open-source,Muhstik,0.0,0.926,6,0.06235552628987639,0.1103349306554055
Kitsune,open-source,Torii,0.0,0.249,6,0.06235552628987639,0.1103349306554055
Kitsune,open-source,Ransomware,0.005,0.753,6,0.06235552628987639,0.1103349306554055
Kitsune,open-source,XSS_attack,0.0,0.86,6,0.06235552628987639,0.1103349306554055
