detector,condition,macro_tpr_5e5,macro_roc_auc,n_benign_test
HorusEye,all14,0.1468600196032901,0.8220272259562389,156505
HorusEye,rand5_a,0.079717573274915,0.747993362833143,48578
HorusEye,rand5_b,0.0846124549423522,0.7008655295449008,44583
HorusEye,cam8,0.2139242644713147,0.8132213384236839,124124
HorusEye,gw6,0.6394758829348821,0.9693323737240468,32318
HorusEye,vol_match,0.1235973849592306,0.859559718770833,156505
HorusEye,os_days1,0.3904255909483087,0.906556523849582,124792
HorusEye,os_days2,0.4541426624937424,0.89148292389763,124792
HorusEye,os_days3,0.4017488322775736,0.9096497796612326,124792
HorusEye,os_days5,0.3764398163524695,0.87553837996177,124792
Kitsune,all14,0.0921241368071358,0.705975372610604,156505
Kitsune,gw6,0.6557782103182493,0.9170331549426576,32318
Kitsune,cam8,0.1388068035915665,0.6712095600731991,124124
Kitsune,vol_match,0.1320593710157785,0.700852029480512,156505
Kitsune,rand5_a,0.0867539636057945,0.7494352328079883,48578
Kitsune,rand5_b,0.1581882858534224,0.7761466435222426,44583
Kitsune,os_days1,0.4029516965001087,0.8330327266998969,124792
Kitsune,os_days2,0.4282370090536325,0.8131972687249467,124792
Kitsune,os_days3,0.4158972903469577,0.8640079533704428,124792
Kitsune,os_days5,0.3924210054095771,0.8533616847820004,124792
IsolationForest,all14,0.0,0.6667727568248569,156505
kNN,all14,0.141657889616992,0.8529262121702825,156505
IsolationForest,vol_match,0.0,0.663257408804399,156505
kNN,vol_match,0.1427194474351285,0.8534914383241152,156505
IsolationForest,cam8,0.0,0.6319635200953998,124124
kNN,cam8,0.1813820513860861,0.8316337167346334,124124
IsolationForest,gw6,0.0,0.8674123832580183,32318
kNN,gw6,0.6488811964762972,0.9928266072365968,32318
IsolationForest,rand5_a,0.0,0.7243446723268131,48578
kNN,rand5_a,0.1515201725141838,0.8788241220112124,48578
IsolationForest,rand5_b,6.22305417542043e-07,0.6989694235687114,44583
kNN,rand5_b,0.2186242632003484,0.857903023658946,44583
IsolationForest,os_days1,0.0001521156871693,0.8628151863022727,124792
kNN,os_days1,0.4608171638836678,0.8943838121682652,124792
IsolationForest,os_days2,0.0005645984325737,0.8563159331229827,124792
kNN,os_days2,0.4636032899568868,0.8980011587421174,124792
IsolationForest,os_days3,0.0004780688231536,0.8558154183304822,124792
kNN,os_days3,0.4671032395394578,0.9506609976180532,124792
IsolationForest,os_days5,0.0010513213297678,0.8670811171394381,124792
kNN,os_days5,0.4823861175901626,0.9455721640754556,124792
