condition,detector,macro_tpr_5e5,macro_roc_auc,n_benign_test,source,max_fp
full proprietary (released models),HorusEye,0.1492355136981318,0.799836835303063,156505,B1,7
full proprietary (released models),Kitsune,0.0921241368071358,0.705975372610604,156505,B1,7
full open-source (released models),HorusEye,0.4251000624332355,0.8792081868520998,124792,B1,6
full open-source (released models),Kitsune,0.39242100540957714,0.8533616847820005,124792,B1,6
all14,HorusEye (18 ep),0.1468600196032901,0.8220272259562389,156505,B5,7
rand5_a,HorusEye (18 ep),0.079717573274915,0.747993362833143,48578,B5,2
rand5_b,HorusEye (18 ep),0.0846124549423522,0.7008655295449008,44583,B5,2
cam8,HorusEye (18 ep),0.2139242644713147,0.8132213384236839,124124,B5,6
gw6,HorusEye (18 ep),0.6394758829348821,0.9693323737240468,32318,B5,1
vol_match,HorusEye (18 ep),0.1235973849592306,0.859559718770833,156505,B5,7
os_days1,HorusEye (18 ep),0.3904255909483087,0.906556523849582,124792,B5,6
os_days2,HorusEye (18 ep),0.4541426624937424,0.89148292389763,124792,B5,6
os_days3,HorusEye (18 ep),0.4017488322775736,0.9096497796612326,124792,B5,6
os_days5,HorusEye (18 ep),0.3764398163524695,0.87553837996177,124792,B5,6
all14_seed1,HorusEye (18 ep),0.1322343130071809,0.8130666195716683,156505,B5,7
all14_seed2,HorusEye (18 ep),0.1475570727078719,0.7899646199307379,156505,B5,7
"train=all14, test=all14_test",HorusEye (18 ep),0.1468600196032901,0.8220272259562389,156505,G1,7
"train=all14, test=gw6_test",HorusEye (18 ep),0.1050437214492244,0.9443005672738336,32318,G1,1
"train=gw6, test=all14_test",HorusEye (18 ep),0.001511385635069,0.6768958143393293,156505,G1,7
"train=gw6, test=gw6_test",HorusEye (18 ep),0.6394758829348821,0.9693323737240468,32318,G1,1
gw6,HorusEye (20 ep),0.6394758829348821,0.9693323737240468,32318,G4,1
cam8,HorusEye (20 ep),0.2139242644713147,0.8132213384236839,124124,G4,6
rand5_a,HorusEye (20 ep),0.079717573274915,0.747993362833143,48578,G4,2
prop_files1,HorusEye (18 ep),0.1192513064214906,0.7642689122227593,156505,G5,7
open_25pct,HorusEye (18 ep),0.4138609767271715,0.8755327069783703,124792,G5,6
prop_files2,HorusEye (18 ep),0.1041235075316678,0.7823769715127509,156505,G5,7
open_50pct,HorusEye (18 ep),0.4047950076954081,0.924947936341686,124792,G5,6
all14,"HorusEye (20 ep, benign-only sel.)",0.1482948167529258,0.8244723493868339,156505,G3,7
open_full,"HorusEye (20 ep, benign-only sel.)",0.4085504812808955,0.9405905452002148,124792,G3,6
all14,Kitsune,0.0921241368071358,0.705975372610604,156505,C3,7
gw6,Kitsune,0.6557782103182493,0.9170331549426576,32318,C3,1
cam8,Kitsune,0.1388068035915665,0.6712095600731991,124124,C3,6
vol_match,Kitsune,0.1320593710157785,0.700852029480512,156505,C3,7
rand5_a,Kitsune,0.0867539636057945,0.7494352328079883,48578,C3,2
"train=all14, test=gw6_test",Kitsune,0.1069271987846764,0.7706986898713992,32318,C3,1
"train=gw6, test=all14_test",Kitsune,0.0277554586335255,0.6343634099324403,156505,C3,7
rand5_b,Kitsune,0.1581882858534224,0.7761466435222426,44583,C3,2
os_days1,Kitsune,0.4029516965001087,0.8330327266998969,124792,C3,6
os_days2,Kitsune,0.4282370090536325,0.8131972687249467,124792,C3,6
os_days3,Kitsune,0.4158972903469577,0.8640079533704428,124792,C3,6
os_days5,Kitsune,0.3924210054095771,0.8533616847820004,124792,C3,6
full_proprietary,IsolationForest,0.0,0.6667727568248569,156505,C4a,7
full_proprietary,kNN,0.141657889616992,0.8529262121702825,156505,C4a,7
full_open-source,IsolationForest,0.0010513213297678,0.8670811171394381,124792,C4a,6
full_open-source,kNN,0.4823861175901626,0.9455721640754556,124792,C4a,6
all14,IsolationForest,0.0,0.6667727568248569,156505,C4b,7
all14,kNN,0.141657889616992,0.8529262121702825,156505,C4b,7
vol_match,IsolationForest,0.0,0.663257408804399,156505,C4b,7
vol_match,kNN,0.1427194474351285,0.8534914383241152,156505,C4b,7
cam8,IsolationForest,0.0,0.6319635200953998,124124,C4b,6
cam8,kNN,0.1813820513860861,0.8316337167346334,124124,C4b,6
gw6,IsolationForest,0.0,0.8674123832580183,32318,C4b,1
gw6,kNN,0.6488811964762972,0.9928266072365968,32318,C4b,1
rand5_a,IsolationForest,0.0,0.7243446723268131,48578,C4b,2
rand5_a,kNN,0.1515201725141838,0.8788241220112124,48578,C4b,2
rand5_b,IsolationForest,6.22305417542043e-07,0.6989694235687114,44583,C4b,2
rand5_b,kNN,0.2186242632003484,0.857903023658946,44583,C4b,2
os_days1,IsolationForest,0.0001521156871693,0.8628151863022727,124792,C4b,6
os_days1,kNN,0.4608171638836678,0.8943838121682652,124792,C4b,6
os_days2,IsolationForest,0.0005645984325737,0.8563159331229827,124792,C4b,6
os_days2,kNN,0.4636032899568868,0.8980011587421174,124792,C4b,6
os_days3,IsolationForest,0.0004780688231536,0.8558154183304822,124792,C4b,6
os_days3,kNN,0.4671032395394578,0.9506609976180532,124792,C4b,6
os_days5,IsolationForest,0.0010513213297678,0.8670811171394381,124792,C4b,6
os_days5,kNN,0.4823861175901626,0.9455721640754556,124792,C4b,6
"train=all14, test=gw6_test",IsolationForest,1.8669162526261288e-06,0.8755965801185217,32318,C4b,1
"train=all14, test=gw6_test",kNN,0.2334876717459727,0.9764146551705286,32318,C4b,1
"train=gw6, test=all14_test",IsolationForest,0.0,0.5616226000375311,156505,C4b,7
"train=gw6, test=all14_test",kNN,0.032695233046557,0.6583975424758954,156505,C4b,7
prop_files1,IsolationForest,0.0,0.6616279702977128,156505,C5,7
prop_files1,kNN,0.1448763053085561,0.8228696694963042,156505,C5,7
prop_files2,IsolationForest,0.0,0.6594548194767633,156505,C5,7
prop_files2,kNN,0.1876576499781261,0.8292367076040108,156505,C5,7
prop_files3,IsolationForest,0.0,0.6658693680912608,156505,C5,7
prop_files3,kNN,0.1879211787126456,0.843291835648107,156505,C5,7
open_25pct,IsolationForest,0.0001075836798832,0.8532465646434494,124792,C5,6
open_25pct,kNN,0.4594252991156806,0.9447481390244924,124792,C5,6
open_50pct,IsolationForest,0.0006018282545068,0.8642243470727073,124792,C5,6
open_50pct,kNN,0.4730047815666527,0.9454972477318062,124792,C5,6
open_devhalf_A,IsolationForest,0.0016692010138312,0.8155449041503492,26703,C5,1
open_devhalf_A,kNN,0.478991393902344,0.9580203987996356,26703,C5,1
open_devhalf_B,IsolationForest,0.0036998486397009,0.958326368491738,77519,C5,3
open_devhalf_B,kNN,0.4938753810219286,0.9807679863749654,77519,C5,3
rand5_seed2,IsolationForest,0.0,0.7203163191842872,70387,C5,3
rand5_seed2,kNN,0.2747833247267683,0.91424905270241,70387,C5,3
rand5_seed3,IsolationForest,0.0,0.6638833644801965,53239,C5,2
rand5_seed3,kNN,0.210796265280033,0.8550455883692574,53239,C5,2
rand5_seed4,IsolationForest,0.0001953261387491,0.6977171025637705,45310,C5,2
rand5_seed4,kNN,0.2512908167087165,0.8481591049803108,45310,C5,2
rand5_seed5,IsolationForest,0.0,0.6603057685615891,59676,C5,3
rand5_seed5,kNN,0.2311488228815705,0.8297164427717736,59676,C5,3
rand5_seed6,IsolationForest,2.4906352116043674e-05,0.7282611377778279,45392,C5,2
rand5_seed6,kNN,0.1824382017183477,0.8803175693557257,45392,C5,2
