table,experiment,attack,system,tpr_1,tpr_2,pr_auc
Table 2 (open-source),B,MITM,Kitsune,0.616,0.745,0.979
Table 2 (open-source),B,MITM,Magnifier,0.714,0.835,0.987
Table 2 (open-source),B,MITM,HorusEye,0.73,0.841,0.985
Table 2 (open-source),B,http_ddos,Kitsune,0.674,0.744,0.984
Table 2 (open-source),B,http_ddos,Magnifier,0.728,0.851,0.994
Table 2 (open-source),B,http_ddos,HorusEye,0.743,0.858,0.994
Table 2 (open-source),B,Uploading_attack,Kitsune,0.793,0.839,0.994
Table 2 (open-source),B,Uploading_attack,Magnifier,0.748,0.877,0.997
Table 2 (open-source),B,Uploading_attack,HorusEye,0.756,0.887,0.997
Table 2 (open-source),B,Hide_and_seek,Kitsune,0.0,0.0,0.764
Table 2 (open-source),B,Hide_and_seek,Magnifier,0.0,0.0,0.697
Table 2 (open-source),B,Hide_and_seek,HorusEye,0.0,0.0,0.705
Table 2 (open-source),B,Sparta,Kitsune,0.945,0.947,0.985
Table 2 (open-source),B,Sparta,Magnifier,0.946,0.95,0.987
Table 2 (open-source),B,Sparta,HorusEye,0.946,0.95,0.988
Table 2 (open-source),B,Vulnerability_scanner,Kitsune,0.812,0.849,0.995
Table 2 (open-source),B,Vulnerability_scanner,Magnifier,0.87,0.948,0.998
Table 2 (open-source),B,Vulnerability_scanner,HorusEye,0.882,0.951,0.998
Table 2 (open-source),B,SQL_injection,Kitsune,0.877,0.902,0.992
Table 2 (open-source),B,SQL_injection,Magnifier,0.897,0.937,0.997
Table 2 (open-source),B,SQL_injection,HorusEye,0.901,0.94,0.997
Table 2 (open-source),B,Okiru,Kitsune,0.945,0.958,0.998
Table 2 (open-source),B,Okiru,Magnifier,0.985,0.994,0.999
Table 2 (open-source),B,Okiru,HorusEye,0.986,0.994,1.0
Table 2 (open-source),B,Ransomware,Kitsune,0.005,0.009,0.175
Table 2 (open-source),B,Ransomware,Magnifier,0.005,0.007,0.141
Table 2 (open-source),B,Ransomware,HorusEye,0.005,0.007,0.148
Table 2 (open-source),B,Muhstik,Kitsune,0.0,0.0,0.733
Table 2 (open-source),B,Muhstik,Magnifier,0.0,0.0,0.711
Table 2 (open-source),B,Muhstik,HorusEye,0.0,0.0,0.72
Table 2 (open-source),B,bruteforce,Kitsune,0.137,0.603,0.758
Table 2 (open-source),B,bruteforce,Magnifier,0.12,0.376,0.686
Table 2 (open-source),B,bruteforce,HorusEye,0.158,0.394,0.692
Table 2 (open-source),B,Hakai,Kitsune,0.0,0.0,0.149
Table 2 (open-source),B,Hakai,Magnifier,0.0,0.0,0.221
Table 2 (open-source),B,Hakai,HorusEye,0.0,0.0,0.231
Table 2 (open-source),B,DOS_synflooding,Kitsune,0.467,0.47,0.585
Table 2 (open-source),B,DOS_synflooding,Magnifier,0.472,0.478,0.691
Table 2 (open-source),B,DOS_synflooding,HorusEye,0.472,0.479,0.696
Table 2 (open-source),B,Password_attack,Kitsune,0.681,0.748,0.976
Table 2 (open-source),B,Password_attack,Magnifier,0.768,0.849,0.991
Table 2 (open-source),B,Password_attack,HorusEye,0.778,0.854,0.991
Table 2 (open-source),B,MACRO14,Kitsune,0.497,0.558,0.791
Table 2 (open-source),B,MACRO14,Magnifier,0.518,0.579,0.793
Table 2 (open-source),B,MACRO14,HorusEye,0.526,0.583,0.796
Table 3 (proprietary),A,MITM,Kitsune,0.0,0.004,0.353
Table 3 (proprietary),A,MITM,Magnifier,0.001,0.007,0.585
Table 3 (proprietary),A,MITM,HorusEye,0.003,0.009,0.652
Table 3 (proprietary),A,http_ddos,Kitsune,0.055,0.211,0.779
Table 3 (proprietary),A,http_ddos,Magnifier,0.235,0.382,0.927
Table 3 (proprietary),A,http_ddos,HorusEye,0.285,0.408,0.942
Table 3 (proprietary),A,Uploading_attack,Kitsune,0.153,0.265,0.865
Table 3 (proprietary),A,Uploading_attack,Magnifier,0.199,0.402,0.964
Table 3 (proprietary),A,Uploading_attack,HorusEye,0.277,0.442,0.972
Table 3 (proprietary),A,Hide_and_seek,Kitsune,0.0,0.0,0.207
Table 3 (proprietary),A,Hide_and_seek,Magnifier,0.0,0.0,0.089
Table 3 (proprietary),A,Hide_and_seek,HorusEye,0.0,0.0,0.142
Table 3 (proprietary),A,Sparta,Kitsune,0.881,0.919,0.975
Table 3 (proprietary),A,Sparta,Magnifier,0.931,0.941,0.971
Table 3 (proprietary),A,Sparta,HorusEye,0.936,0.942,0.975
Table 3 (proprietary),A,Vulnerability_scanner,Kitsune,0.0,0.004,0.417
Table 3 (proprietary),A,Vulnerability_scanner,Magnifier,0.0,0.012,0.741
Table 3 (proprietary),A,Vulnerability_scanner,HorusEye,0.002,0.018,0.789
Table 3 (proprietary),A,SQL_injection,Kitsune,0.0,0.0,0.565
Table 3 (proprietary),A,SQL_injection,Magnifier,0.0,0.0,0.783
Table 3 (proprietary),A,SQL_injection,HorusEye,0.0,0.0,0.824
Table 3 (proprietary),A,Okiru,Kitsune,0.085,0.808,0.981
Table 3 (proprietary),A,Okiru,Magnifier,0.446,0.877,0.994
Table 3 (proprietary),A,Okiru,HorusEye,0.696,0.902,0.996
Table 3 (proprietary),A,Ransomware,Kitsune,0.007,0.011,0.112
Table 3 (proprietary),A,Ransomware,Magnifier,0.005,0.007,0.086
Table 3 (proprietary),A,Ransomware,HorusEye,0.005,0.007,0.121
Table 3 (proprietary),A,Muhstik,Kitsune,0.0,0.0,0.179
Table 3 (proprietary),A,Muhstik,Magnifier,0.0,0.0,0.091
Table 3 (proprietary),A,Muhstik,HorusEye,0.0,0.0,0.144
Table 3 (proprietary),A,bruteforce,Kitsune,0.0,0.0,0.378
Table 3 (proprietary),A,bruteforce,Magnifier,0.0,0.555,0.088
Table 3 (proprietary),A,bruteforce,HorusEye,0.0,0.596,0.621
Table 3 (proprietary),A,Hakai,Kitsune,0.0,0.0,0.075
Table 3 (proprietary),A,Hakai,Magnifier,0.0,0.0,0.079
Table 3 (proprietary),A,Hakai,HorusEye,0.0,0.0,0.126
Table 3 (proprietary),A,DOS_synflooding,Kitsune,0.347,0.414,0.556
Table 3 (proprietary),A,DOS_synflooding,Magnifier,0.461,0.47,0.567
Table 3 (proprietary),A,DOS_synflooding,HorusEye,0.466,0.472,0.602
Table 3 (proprietary),A,Password_attack,Kitsune,0.0,0.0,0.18
Table 3 (proprietary),A,Password_attack,Magnifier,0.0,0.0,0.603
Table 3 (proprietary),A,Password_attack,HorusEye,0.0,0.0,0.669
Table 3 (proprietary),A,MACRO14,Kitsune,0.109,0.188,0.473
Table 3 (proprietary),A,MACRO14,Magnifier,0.163,0.261,0.541
Table 3 (proprietary),A,MACRO14,HorusEye,0.191,0.271,0.613
