detector,corpus,attack,in_macro_16,tpr_5e5,tpr_5e4,pr_auc,roc_auc,thr_5e5,thr_5e4,fp_5e5,fp_5e4,n_benign,n_attack
HorusEye,open-source,DOS_synflooding,True,0.4722528202985528,0.4790899076993201,0.696098394621278,0.8725133464642235,0.1762450039386749,0.1251106560230255,6,62,124792,26327
HorusEye,open-source,Hakai,True,0.0,0.0,0.2314554024526661,0.7246448190962347,0.3518777787685394,0.3518777787685394,1,1,124792,23623
HorusEye,open-source,Hide_and_seek,True,0.0,0.0,0.7051782501739727,0.9422340646782764,0.3518777787685394,0.3518777787685394,1,1,124792,23334
HorusEye,open-source,MITM,True,0.7298187311178248,0.8405740181268883,0.9854666280094722,0.9922179030377848,0.1762346923351287,0.1252177953720092,6,62,124792,33100
HorusEye,open-source,Muhstik,True,0.0,0.0,0.719964992082212,0.965039257547642,0.3518777787685394,0.3518777787685394,1,1,124792,20656
HorusEye,open-source,Okiru,True,0.9863518856447688,0.9941453771289538,0.99950061651165,0.9998233418376548,0.1765675842761993,0.1255859434604644,6,62,124792,26304
HorusEye,open-source,Password_attack,True,0.7782403654852259,0.8536216933166311,0.99103850022085,0.99652250067124,0.1762217581272125,0.1250852197408676,6,62,124792,27142
HorusEye,open-source,Ransomware,True,0.0045351473922902,0.0067120181405895,0.1477762678945186,0.6487393826047632,0.1898589134216308,0.128604844212532,3,53,124792,11025
HorusEye,open-source,SQL_injection,True,0.9010892480674632,0.939544780198329,0.9974210399371584,0.9981661358475672,0.176237866282463,0.1250742971897125,6,62,124792,51228
HorusEye,open-source,Sparta,True,0.946188929356564,0.9498966433704104,0.9877252810929004,0.99428638268746,0.1774858683347702,0.1252479404211044,6,62,124792,30477
HorusEye,open-source,Torii,True,0.0004779305606722,0.0007666802744117,0.5174658060027106,0.6973902484979317,0.178073912858963,0.1251371353864669,6,62,124792,100433
HorusEye,open-source,UDP_scan,True,0.1868502767652221,0.3025516403402187,0.594554915602378,0.9408093544774748,0.1762426197528839,0.1251082569360733,6,62,124792,7407
HorusEye,open-source,Uploading_attack,True,0.7559044658749767,0.8872240376185543,0.9967622504741424,0.9984538982625064,0.1762296110391616,0.1250708252191543,6,62,124792,37641
HorusEye,open-source,Vulnerability_scanner,True,0.8817285822592873,0.9511534712444492,0.997749265910477,0.9993146721709024,0.1762735843658447,0.1251364946365356,6,62,124792,27699
HorusEye,open-source,XSS_attack,True,0.0,0.0,0.0847885969180879,0.3696858936497371,0.3518777787685394,0.3518777787685394,1,1,124792,16213
HorusEye,open-source,bruteforce,True,0.1581626161089197,0.3944522203842728,0.6916060738207508,0.9274897881021978,0.1765731871128082,0.125089943408966,6,62,124792,7859
HorusEye,open-source,http_ddos,False,0.7427189497322508,0.8580065641734324,0.9939315548074962,0.9976721175592588,0.1762243211269378,0.1251438558101654,6,62,124792,28945
Isolation Forest,open-source,DOS_synflooding,True,0.0011395145667945,0.0076347475975234,0.4309463777291263,0.7988418368001785,0.7318229134555688,0.7204722199365577,6,61,124792,26327
Isolation Forest,open-source,Hakai,True,0.0,0.0,0.1758868617368213,0.6051768882785133,0.7417431159716935,0.7205382747142575,1,61,124792,23623
Isolation Forest,open-source,Hide_and_seek,True,0.0,0.0,0.3177729853876075,0.8270022313100543,0.7417431159716935,0.7205382747142575,1,61,124792,23334
Isolation Forest,open-source,MITM,True,0.0036253776435045,0.015226586102719,0.8875287517440306,0.9793858537101204,0.7321236023067731,0.7203509915502364,6,62,124792,33100
Isolation Forest,open-source,Muhstik,True,0.0,0.0,0.2818626156035393,0.8156981249331808,0.7417431159716935,0.7205382747142575,1,61,124792,20656
Isolation Forest,open-source,Okiru,True,0.0,0.0,0.6261372726241576,0.9818554257374296,0.7417431159716935,0.7205382747142575,1,61,124792,26304
Isolation Forest,open-source,Password_attack,True,0.0,0.0,0.8198511309089502,0.9769802409908784,0.7417431159716935,0.7205382747142575,1,61,124792,27142
Isolation Forest,open-source,Ransomware,True,0.0,0.0,0.2150457101717299,0.8500563317405514,0.7417431159716935,0.7205382747142575,1,61,124792,11025
Isolation Forest,open-source,SQL_injection,True,0.0,0.0,0.9102582812822974,0.9842369842091402,0.7417431159716935,0.7205382747142575,1,61,124792,51228
Isolation Forest,open-source,Sparta,True,0.0,0.0,0.9010101589006184,0.9860388705935856,0.7417431159716935,0.7205382747142575,1,61,124792,30477
Isolation Forest,open-source,Torii,True,0.0,0.0,0.4304289734780975,0.5680949952951556,0.7417431159716935,0.7205382747142575,1,61,124792,100433
Isolation Forest,open-source,UDP_scan,True,0.0,0.0,0.2096123194611549,0.8690311608718068,0.7417431159716935,0.7205382747142575,1,61,124792,7407
Isolation Forest,open-source,Uploading_attack,True,0.0029223453149491,0.011423713503892,0.8896764127098336,0.9830438709713822,0.7317736552703986,0.7203178354530665,6,62,124792,37641
Isolation Forest,open-source,Vulnerability_scanner,True,0.0091339037510379,0.0196396981840499,0.9337834462693972,0.9931428637423798,0.731839832900236,0.7204114369237288,6,61,124792,27699
Isolation Forest,open-source,XSS_attack,True,0.0,0.0,0.2255946432026294,0.7977667998125332,0.7417431159716935,0.7205382747142575,1,61,124792,16213
Isolation Forest,open-source,bruteforce,True,0.0,0.0,0.4570311051982946,0.8569453952341195,0.7417431159716935,0.7205382747142575,1,61,124792,7859
Isolation Forest,open-source,http_ddos,False,0.0078079115564,0.0387631715322162,0.8956212998219034,0.9843066027182756,0.7317439726308588,0.7203560879038794,6,62,124792,28945
Kitsune,open-source,DOS_synflooding,True,0.4673529076613362,0.4702396778972157,0.5851749016183112,0.5713426427479531,0.0627202450207802,0.0343041128270133,6,62,124792,26327
Kitsune,open-source,Hakai,True,0.0,0.0,0.1493826786059516,0.4995274797382219,0.328228583258271,0.328228583258271,1,1,124792,23623
Kitsune,open-source,Hide_and_seek,True,0.0,0.0,0.7642023824704326,0.9446282443591004,0.328228583258271,0.328228583258271,1,1,124792,23334
Kitsune,open-source,MITM,True,0.6156193353474321,0.7451057401812688,0.9790799146097112,0.9903127040252986,0.0623648244397855,0.0342168851342269,6,62,124792,33100
Kitsune,open-source,Muhstik,True,0.0,0.0002420604182804,0.7332709900738498,0.9263816287746652,0.328228583258271,0.034644752199277,1,62,124792,20656
Kitsune,open-source,Okiru,True,0.9454455596107056,0.958485401459854,0.9978716147324562,0.9992405678133572,0.0624287598157124,0.0343223975472499,6,62,124792,26304
Kitsune,open-source,Password_attack,True,0.6812320389064918,0.7476972957040748,0.9760573079068356,0.9918649609739348,0.0623730632048282,0.0342170185631999,6,62,124792,27142
Kitsune,open-source,Ransomware,True,0.0048072562358276,0.0093424036281179,0.1751022337253509,0.752751197130347,0.0634580967293017,0.0349015997552029,6,61,124792,11025
Kitsune,open-source,SQL_injection,True,0.8770203794799719,0.9021238385258062,0.9922860783662324,0.995300164169047,0.0624339473600724,0.034220911612643,6,62,124792,51228
Kitsune,open-source,Sparta,True,0.9449092758473604,0.9465826688978574,0.9847540010665752,0.992608768944406,0.06292689094116,0.0342668337024039,6,62,124792,30477
Kitsune,open-source,Torii,True,0.0004580167873109,0.0007567233877311,0.3131636128968062,0.2486190455147149,0.0685958151421845,0.0347213816944192,5,62,124792,100433
Kitsune,open-source,UDP_scan,True,0.0,0.0017550965303091,0.5288164464751586,0.949492662148665,0.328228583258271,0.0344781866754051,1,62,124792,7407
Kitsune,open-source,Uploading_attack,True,0.7929651178236498,0.8391381737998459,0.9939671590914618,0.997279602053545,0.0624032497671945,0.0342302307885414,6,62,124792,37641
Kitsune,open-source,Vulnerability_scanner,True,0.8122675908877577,0.8493086393010578,0.9948306524172076,0.9984839098047084,0.062380830291775,0.0342682808999225,6,62,124792,27699
Kitsune,open-source,XSS_attack,True,0.0,0.0,0.3203320951769028,0.8604603208693808,0.328228583258271,0.328228583258271,1,1,124792,16213
Kitsune,open-source,bruteforce,True,0.13665860796539,0.6033846545362005,0.7583132159319367,0.9354930574446616,0.0623568669502757,0.0499636349236414,6,16,124792,7859
Kitsune,open-source,http_ddos,False,0.6742788046294697,0.7441354292623942,0.9840204180668568,0.9950545574479568,0.0623557825837122,0.0342356718081476,6,62,124792,28945
Magnifier,open-source,DOS_synflooding,True,0.4717590306529418,0.4779124093136324,0.6909028072603669,0.8672264181232242,0.1832410246133804,0.1287454962730407,6,62,124792,26327
Magnifier,open-source,Hakai,True,0.0,0.0,0.220951346400179,0.7070729020355673,0.3518777787685394,0.3518777787685394,1,1,124792,23623
Magnifier,open-source,Hide_and_seek,True,0.0,0.0,0.6973958046523644,0.941818564165684,0.3518777787685394,0.3518777787685394,1,1,124792,23334
Magnifier,open-source,MITM,True,0.7140483383685801,0.8353474320241692,0.986625187654458,0.9941160716205178,0.1827033758163452,0.1286913305521011,6,62,124792,33100
Magnifier,open-source,Muhstik,True,0.0,0.0,0.7108048379270901,0.9646092763734532,0.3518777787685394,0.3518777787685394,1,1,124792,20656
Magnifier,open-source,Okiru,True,0.9851733576642336,0.9938412408759124,0.9994811656008018,0.9998131892990616,0.1827418059110641,0.1291105449199676,6,61,124792,26304
Magnifier,open-source,Password_attack,True,0.7682189963893596,0.848611008768698,0.9906182207711146,0.9962440159034908,0.182756170630455,0.1287035793066024,6,62,124792,27142
Magnifier,open-source,Ransomware,True,0.0045351473922902,0.0066213151927437,0.1407352598200339,0.6144543446371861,0.1898589134216308,0.1295936405658722,5,60,124792,11025
Magnifier,open-source,SQL_injection,True,0.8974389006012337,0.936636214570157,0.9974551657068854,0.99823577659899,0.1827190071344375,0.128687709569931,6,62,124792,51228
Magnifier,open-source,Sparta,True,0.9457623781868294,0.949535715457558,0.9873392395497672,0.9939015748967448,0.1827458888292312,0.1290774047374725,6,61,124792,30477
Magnifier,open-source,Torii,True,0.0004580167873109,0.0007368096143697,0.5104273366780618,0.6937135265873229,0.1870582699775695,0.1294941753149032,5,60,124792,100433
Magnifier,open-source,UDP_scan,True,0.1699743485891724,0.2935061428378561,0.5880871463893325,0.9379640020170016,0.1827837824821472,0.1289373636245727,6,61,124792,7407
Magnifier,open-source,Uploading_attack,True,0.7476421986663478,0.8767035944847373,0.9965732948683464,0.9983220840137907,0.1827297359704971,0.1286831796169281,6,62,124792,37641
Magnifier,open-source,Vulnerability_scanner,True,0.870428535326185,0.9480847684031914,0.9976286157267568,0.9992722407577816,0.1827493458986282,0.128698855638504,6,62,124792,27699
Magnifier,open-source,XSS_attack,True,0.0,0.0,0.0775948190378446,0.302941617827455,0.3518777787685394,0.3518777787685394,1,1,124792,16213
Magnifier,open-source,bruteforce,True,0.1202443058913347,0.3760020358824278,0.6859579454524832,0.9226109013435002,0.1827203631401062,0.1287104040384292,6,62,124792,7859
Magnifier,open-source,http_ddos,False,0.7278977370875799,0.8506823285541544,0.99361017863689,0.997480598456893,0.1827103346586227,0.1287293136119842,6,62,124792,28945
kNN,open-source,DOS_synflooding,True,0.4847115128955065,0.4997151213583014,0.794941632849265,0.9320312413842275,1.4817874431610107,0.954032063484192,6,62,124792,26327
kNN,open-source,Hakai,True,0.0,0.0,0.2295298203316739,0.7201453894469831,2.706262826919556,2.706262826919556,1,1,124792,23623
kNN,open-source,Hide_and_seek,True,0.0,0.0,0.8745923649562491,0.9801425833837184,2.706262826919556,2.706262826919556,1,1,124792,23334
kNN,open-source,MITM,True,0.8704833836858006,0.93404833836858,0.996702798810253,0.9988843541998296,1.4795105457305908,0.9536036849021912,6,62,124792,33100
kNN,open-source,Muhstik,True,0.0,0.0003388845855925,0.8431150053807801,0.9771218352652524,2.706262826919556,0.9612173438072203,1,59,124792,20656
kNN,open-source,Okiru,True,0.9896213503649636,0.9974528588807786,0.9997559801177268,0.9998940466254584,1.4795843362808228,0.9545077681541444,6,62,124792,26304
kNN,open-source,Password_attack,True,0.8588165942082382,0.9472035959030284,0.9985803718880646,0.9991134356699308,1.479326248168945,0.9531400203704834,6,62,124792,27142
kNN,open-source,Ransomware,True,0.0044444444444444,0.0080725623582766,0.6576221279585879,0.9420158910413322,1.522836446762085,0.9678862690925598,5,57,124792,11025
kNN,open-source,SQL_injection,True,0.910888576559694,0.9642968688998204,0.9992707877404058,0.999331968351611,1.4793429374694824,0.95317804813385,6,62,124792,51228
kNN,open-source,Sparta,True,0.9490435410309414,0.9601338714440396,0.9931168401716646,0.9973396403597736,1.484193205833435,0.9525354504585266,6,62,124792,30477
kNN,open-source,Torii,True,0.0006173269742017,0.0009757748947059,0.5280726162006639,0.7156698814235011,1.513941526412964,0.9531930088996888,5,62,124792,100433
kNN,open-source,UDP_scan,True,0.2485486701768597,0.4074524098825435,0.7407375504317052,0.9722078448488332,1.4796481132507324,0.9536536335945128,6,62,124792,7407
kNN,open-source,Uploading_attack,True,0.886852102760288,0.9826518955394384,0.9990614325347854,0.9992850551179866,1.479438304901123,0.952810764312744,6,62,124792,37641
kNN,open-source,Vulnerability_scanner,True,0.9170006137405684,0.9961009422722842,0.9993694569073066,0.999622171538937,1.479334592819214,0.955371618270874,6,61,124792,27699
kNN,open-source,XSS_attack,True,0.0,6.167889964843027e-05,0.6056438239744965,0.9419547324799412,2.706262826919556,1.1094540357589722,1,22,124792,16213
kNN,open-source,bruteforce,True,0.5971497646010943,0.6033846545362005,0.7635614550169458,0.954394554069974,1.479325532913208,1.4399023056030271,6,9,124792,7859
kNN,open-source,http_ddos,False,0.8130592503022974,0.9219208844359992,0.9990647452909034,0.9997581875013558,1.4796007871627808,0.9524734020233154,6,62,124792,28945
HorusEye,proprietary,DOS_synflooding,True,0.4658335549056102,0.4716070953773692,0.6019091233903563,0.7448844280148548,0.1129750832915306,0.0821036398410797,7,78,156505,26327
HorusEye,proprietary,Hakai,True,0.0,0.0,0.1259380876344193,0.5186295769224534,0.2775416076183319,0.2775416076183319,1,1,156505,23623
HorusEye,proprietary,Hide_and_seek,True,0.0,0.0,0.1418120410840843,0.5959666133432849,0.2775416076183319,0.2775416076183319,1,1,156505,23334
HorusEye,proprietary,MITM,True,0.0029607250755287,0.0085800604229607,0.6518974054899564,0.9270071525566348,0.1130212843418121,0.0820925459265708,7,78,156505,33100
HorusEye,proprietary,Muhstik,True,0.0,0.0,0.1435771840900132,0.6471238642640554,0.2775416076183319,0.2775416076183319,1,1,156505,20656
HorusEye,proprietary,Okiru,True,0.6957877128953771,0.9018780413625304,0.995566637586566,0.998955213485752,0.1128701269626617,0.0820948481559753,7,78,156505,26304
HorusEye,proprietary,Password_attack,True,0.0,0.0,0.6690415910692881,0.95672445812116,0.2775416076183319,0.2775416076183319,1,1,156505,27142
HorusEye,proprietary,Ransomware,True,0.0054421768707482,0.0070748299319727,0.1208321055336922,0.7571663012222556,0.1144865006208419,0.0840485021471977,7,72,156505,11025
HorusEye,proprietary,SQL_injection,True,0.0,0.0,0.8242029836650678,0.9526068261001888,0.2775416076183319,0.2775416076183319,1,1,156505,51228
HorusEye,proprietary,Sparta,True,0.9355907733700825,0.9416281130032484,0.97524035979144,0.9862955402820592,0.113140694797039,0.0821129530668258,7,78,156505,30477
HorusEye,proprietary,Torii,True,0.0006870251809664,0.001125128194916,0.346052106787381,0.4815944158369449,0.1175388470292091,0.0823857337236404,7,78,156505,100433
HorusEye,proprietary,UDP_scan,True,0.0016200891049007,0.0271364925070878,0.2315196169883192,0.7589801596622718,0.1132543012499809,0.0821378156542778,7,78,156505,7407
HorusEye,proprietary,Uploading_attack,True,0.2774634042666241,0.4422039797029835,0.9717095303710528,0.9921422824597796,0.1128699406981468,0.0820911675691604,7,78,156505,37641
HorusEye,proprietary,Vulnerability_scanner,True,0.0023827575002707,0.0177984764792952,0.789380234960953,0.9618277377904336,0.113000638782978,0.0821015983819961,7,78,156505,27699
HorusEye,proprietary,XSS_attack,True,0.0,0.0,0.1354217370191783,0.700145110050194,0.2775416076183319,0.2775416076183319,1,1,156505,16213
HorusEye,proprietary,bruteforce,True,0.0,0.5963863086906731,0.6208890459545472,0.8173396847366856,0.2775416076183319,0.0821617841720581,1,78,156505,7859
HorusEye,proprietary,http_ddos,False,0.2854033511832786,0.4082915874935222,0.942207827011731,0.9872344273064996,0.1128802672028541,0.0820931866765022,7,78,156505,28945
Isolation Forest,proprietary,DOS_synflooding,True,0.0,0.0,0.2499409070676353,0.6404173646632776,0.7497411336315939,0.7320432808752602,6,73,156505,26327
Isolation Forest,proprietary,Hakai,True,0.0,0.0,0.090278182455877,0.3006923887110364,0.7497411336315939,0.7320432808752602,6,73,156505,23623
Isolation Forest,proprietary,Hide_and_seek,True,0.0,0.0,0.1261676349103866,0.5217149537899122,0.7497411336315939,0.7320432808752602,6,73,156505,23334
Isolation Forest,proprietary,MITM,True,0.0,0.0,0.2813618908380656,0.7655540090174044,0.7497411336315939,0.7320432808752602,6,73,156505,33100
Isolation Forest,proprietary,Muhstik,True,0.0,0.0,0.1111632134485142,0.5171924084495187,0.7497411336315939,0.7320432808752602,6,73,156505,20656
Isolation Forest,proprietary,Okiru,True,0.0,0.0,0.3508588369979739,0.8616910161254302,0.7497411336315939,0.7320432808752602,6,73,156505,26304
Isolation Forest,proprietary,Password_attack,True,0.0,0.0,0.3158819301539509,0.8197268935293754,0.7497411336315939,0.7320432808752602,6,73,156505,27142
Isolation Forest,proprietary,Ransomware,True,0.0,0.0,0.072920039820422,0.5936613861416263,0.7497411336315939,0.7320432808752602,6,73,156505,11025
Isolation Forest,proprietary,SQL_injection,True,0.0,0.0,0.4603914700997934,0.843013311419201,0.7497411336315939,0.7320432808752602,6,73,156505,51228
Isolation Forest,proprietary,Sparta,True,0.0,0.0,0.643793954051967,0.9380567272645272,0.7497411336315939,0.7320432808752602,6,73,156505,30477
Isolation Forest,proprietary,Torii,True,0.0,0.0,0.2652470109707369,0.2253006046707123,0.7497411336315939,0.7320432808752602,6,73,156505,100433
Isolation Forest,proprietary,UDP_scan,True,0.0,0.0,0.0513086434590685,0.5911040229732683,0.7497411336315939,0.7320432808752602,6,73,156505,7407
Isolation Forest,proprietary,Uploading_attack,True,0.0,0.0,0.429720766016914,0.8594899807502361,0.7497411336315939,0.7320432808752602,6,73,156505,37641
Isolation Forest,proprietary,Vulnerability_scanner,True,0.0,0.0,0.3934996799198673,0.8820681956696839,0.7497411336315939,0.7320432808752602,6,73,156505,27699
Isolation Forest,proprietary,XSS_attack,True,0.0,0.0,0.0964838193100714,0.5616773157533619,0.7497411336315939,0.7320432808752602,6,73,156505,16213
Isolation Forest,proprietary,bruteforce,True,0.0,0.0,0.2424429554700599,0.7470035302691389,0.7497411336315939,0.7320432808752602,6,73,156505,7859
Isolation Forest,proprietary,http_ddos,False,0.0,0.0,0.4826334439328173,0.8871002548991196,0.7497411336315939,0.7320432808752602,6,73,156505,28945
Kitsune,proprietary,DOS_synflooding,True,0.3468682341322596,0.4139096744786721,0.5555573898103134,0.5621982711732969,0.0786971762813324,0.0404229043396299,7,78,156505,26327
Kitsune,proprietary,Hakai,True,0.0,0.0,0.0750142191441688,0.1289944453119595,0.1346572627759409,0.1346572627759409,1,1,156505,23623
Kitsune,proprietary,Hide_and_seek,True,0.0,0.0,0.2067275965964069,0.7243846429701383,0.1346572627759409,0.1346572627759409,1,1,156505,23334
Kitsune,proprietary,MITM,True,0.0002114803625377,0.0038066465256797,0.3532165194158574,0.7186243388071634,0.0817889147232344,0.0406564863444807,7,76,156505,33100
Kitsune,proprietary,Muhstik,True,0.0,0.0,0.1792131044471979,0.6977097729719659,0.1346572627759409,0.1346572627759409,1,1,156505,20656
Kitsune,proprietary,Okiru,True,0.0848920316301703,0.8084321776155717,0.9812780408830988,0.9956670866430656,0.0786908138375506,0.0404117593418748,7,78,156505,26304
Kitsune,proprietary,Password_attack,True,0.0,0.0,0.1795871031263493,0.6313285853144583,0.1346572627759409,0.1346572627759409,1,1,156505,27142
Kitsune,proprietary,Ransomware,True,0.0072562358276643,0.011156462585034,0.1119313528271946,0.7038915551950735,0.0804481715044879,0.0408268151269674,7,73,156505,11025
Kitsune,proprietary,SQL_injection,True,0.0,0.0,0.5650107424311342,0.8960642126014582,0.1346572627759409,0.1346572627759409,1,1,156505,51228
Kitsune,proprietary,Sparta,True,0.881418774813794,0.9187255963513468,0.9748005368052192,0.9895076982830076,0.0787678156248399,0.0404468133560575,7,78,156505,30477
Kitsune,proprietary,Torii,True,0.0004381030139495,0.0010156024414286,0.2376835088447813,0.0760989733469444,0.0858449340636253,0.0418078072693193,5,71,156505,100433
Kitsune,proprietary,UDP_scan,True,0.0,0.0,0.1910551302408214,0.8956980697578507,0.1346572627759409,0.1346572627759409,1,1,156505,7407
Kitsune,proprietary,Uploading_attack,True,0.1528652267474296,0.2648707526367524,0.8645842715654635,0.9527678508279174,0.0786870923814834,0.0404112148189155,7,78,156505,37641
Kitsune,proprietary,Vulnerability_scanner,True,3.610238636773891e-05,0.0041878768186577,0.4173168370607377,0.8536561936032494,0.0788281419228335,0.0404712473051253,7,78,156505,27699
Kitsune,proprietary,XSS_attack,True,0.0,0.0,0.1443979739980039,0.7007425813595496,0.1346572627759409,0.1346572627759409,1,1,156505,16213
Kitsune,proprietary,bruteforce,True,0.0,0.0,0.3777882682165624,0.7682716836025629,0.1346572627759409,0.1346572627759409,1,1,156505,7859
Kitsune,proprietary,http_ddos,False,0.0548281223009155,0.2106408706166868,0.7785748298815862,0.9392348893998328,0.0787185772459279,0.040411800140214,7,78,156505,28945
Magnifier,proprietary,DOS_synflooding,True,0.4610096099061799,0.4704295969916815,0.56708426801525,0.5691564809767512,0.1333626061677932,0.0875579267740249,7,78,156505,26327
Magnifier,proprietary,Hakai,True,0.0,0.0,0.0799602569648047,0.1895395472832421,0.2775416076183319,0.2775416076183319,1,1,156505,23623
Magnifier,proprietary,Hide_and_seek,True,0.0,0.0,0.0895226942460851,0.3167112221170811,0.2775416076183319,0.2775416076183319,1,1,156505,23334
Magnifier,proprietary,MITM,True,0.0014199395770392,0.0067673716012084,0.5852981652322898,0.9031303119472164,0.1335667818784713,0.0876482278108596,7,78,156505,33100
Magnifier,proprietary,Muhstik,True,0.0,0.0,0.0913869432323612,0.4065727968206854,0.2775416076183319,0.2775416076183319,1,1,156505,20656
Magnifier,proprietary,Okiru,True,0.44643400243309,0.8773190389294404,0.994284369576372,0.9984351128981832,0.133309930562973,0.0875589400529861,7,78,156505,26304
Magnifier,proprietary,Password_attack,True,0.0,0.0,0.6033830656728725,0.9421742333562688,0.2775416076183319,0.2775416076183319,1,1,156505,27142
Magnifier,proprietary,Ransomware,True,0.0047165532879818,0.0068934240362811,0.0856728168197984,0.6276830879397114,0.1338129788637161,0.0892183631658554,7,73,156505,11025
Magnifier,proprietary,SQL_injection,True,0.0,0.0,0.7828516231457598,0.9376312686461216,0.2775416076183319,0.2775416076183319,1,1,156505,51228
Magnifier,proprietary,Sparta,True,0.9310299570167668,0.9405125176362504,0.9714612703994584,0.9775602273132508,0.1333615034818649,0.0875691771507263,7,78,156505,30477
Magnifier,proprietary,Torii,True,0.0004878874473529,0.0011052144215546,0.2402581142373988,0.1051562888407072,0.1360644102096557,0.0882095173001289,7,77,156505,100433
Magnifier,proprietary,UDP_scan,True,0.0,0.0184960172809504,0.1838502694973144,0.5938354162911759,0.2775416076183319,0.0877217277884483,1,78,156505,7407
Magnifier,proprietary,Uploading_attack,True,0.1993570840307112,0.4019553146834568,0.9636789489047176,0.989067525706551,0.1333166658878326,0.0875560566782951,7,78,156505,37641
Magnifier,proprietary,Vulnerability_scanner,True,0.0,0.0120942994331925,0.7411329609462823,0.949345893582038,0.2775416076183319,0.0876567289233207,1,78,156505,27699
Magnifier,proprietary,XSS_attack,True,0.0,0.0,0.0885190807277822,0.518607612269455,0.2775416076183319,0.2775416076183319,1,1,156505,16213
Magnifier,proprietary,bruteforce,True,0.0,0.5545234762692455,0.6037752252268623,0.6880727727803116,0.2775416076183319,0.0875677689909935,1,78,156505,7859
Magnifier,proprietary,http_ddos,False,0.2354810848160304,0.3818967006391432,0.9270520526399624,0.9827865016054036,0.1333411484956741,0.0875568687915802,7,78,156505,28945
kNN,proprietary,DOS_synflooding,True,0.4559577619933908,0.4860029627378737,0.6357352976273781,0.8223452868884251,1.770326018333435,1.202418565750122,7,77,156505,26327
kNN,proprietary,Hakai,True,0.0,0.0,0.1361704569487006,0.5643192752470765,1.9029111862182615,1.9029111862182615,1,1,156505,23623
kNN,proprietary,Hide_and_seek,True,0.0,0.0,0.1712131242763639,0.6796680720466957,1.9029111862182615,1.9029111862182615,1,1,156505,23334
kNN,proprietary,MITM,True,0.0028398791540785,0.0221752265861027,0.9573592935798012,0.9908734763355628,1.7784626483917236,1.1995686292648315,4,78,156505,33100
kNN,proprietary,Muhstik,True,0.0,9.682416731216112e-05,0.1696485024882163,0.6809391701712596,1.9029111862182615,1.2483792304992676,1,60,156505,20656
kNN,proprietary,Okiru,True,0.5592305352798054,0.921190693430657,0.9968081810783632,0.9991048871016226,1.7700399160385132,1.1996512413024902,7,78,156505,26304
kNN,proprietary,Password_attack,True,0.0,0.0033527374548669,0.9574837822605694,0.9969620600916832,1.9029111862182615,1.2005079984664917,1,78,156505,27142
kNN,proprietary,Ransomware,True,0.0036281179138321,0.0051700680272108,0.5219672748969038,0.953554560318105,1.895138502120972,1.199497103691101,1,78,156505,11025
kNN,proprietary,SQL_injection,True,0.0,0.0002147263215429,0.978496009552928,0.9972261645663288,1.9029111862182615,1.203378677368164,1,77,156505,51228
kNN,proprietary,Sparta,True,0.9362470059389048,0.944548347934508,0.9806504376304458,0.9901955188448002,1.774777054786682,1.2020528316497805,6,77,156505,30477
kNN,proprietary,Torii,True,0.0004878874473529,0.0009060766879412,0.4018539821173778,0.5972061117847183,1.83851420879364,1.2092825174331665,2,76,156505,100433
kNN,proprietary,UDP_scan,True,0.0013500742540839,0.0201161063858512,0.3436536644764881,0.8018960604828089,1.7757225036621094,1.2070643901824951,5,77,156505,7407
kNN,proprietary,Uploading_attack,True,0.3007358996838554,0.6269227703833585,0.9940915065865444,0.9980847347668176,1.7707229852676392,1.199470043182373,6,78,156505,37641
kNN,proprietary,Vulnerability_scanner,True,0.0005776381818838,0.4607386548250839,0.9896539942216886,0.999016795261277,1.7747018337249756,1.199462890625,6,78,156505,27699
kNN,proprietary,XSS_attack,True,0.0,0.0,0.1411437462218767,0.7252842121664845,1.9029111862182615,1.9029111862182615,1,1,156505,16213
kNN,proprietary,bruteforce,True,0.005471434024685,0.6033846545362005,0.6346928592239931,0.8501430086508539,1.7714790105819702,1.5533901453018188,6,15,156505,7859
kNN,proprietary,http_ddos,False,0.2109518051476939,0.4706166868198307,0.9815376224948316,0.996613811600632,1.7701061964035034,1.199459671974182,7,78,156505,28945
