detector,corpus,fpr_target,n_benign_test,max_fp,oracle_cut,calibrated_tau,n_validation
HorusEye,open-source,5e-05,124792,6,0.1762123852968216,0.1857319820180504,348104.0
HorusEye,open-source,0.0005,124792,62,0.12506747245788574,0.1516396719291804,348104.0
Isolation Forest,open-source,5e-05,124792,6,0.7316933743320108,0.7424843369515793,
Isolation Forest,open-source,0.0005,124792,62,0.7203149230414011,0.7272646719338763,
Kitsune,open-source,5e-05,124792,6,0.06235552628987639,0.1103349306554055,402230.0
Kitsune,open-source,0.0005,124792,62,0.034216378499136925,0.0464699771180942,402230.0
Magnifier,open-source,5e-05,124792,6,0.1827002316713333,0.1962069714300214,402230.0
Magnifier,open-source,0.0005,124792,62,0.12868255376815796,0.1548251432850971,402230.0
kNN,open-source,5e-05,124792,6,1.4793190956115725,1.636840084236533,
kNN,open-source,0.0005,124792,62,0.952462375164032,1.075889140009883,
HorusEye,proprietary,5e-05,156505,7,0.11286967247724533,0.11354285457432,644263.0
HorusEye,proprietary,0.0005,156505,78,0.08208921551704407,0.0763956685438809,644263.0
Isolation Forest,proprietary,5e-05,156505,7,0.7494579831205268,0.7498163871136075,
Isolation Forest,proprietary,0.0005,156505,78,0.7304772884716163,0.7313014054847978,
Kitsune,proprietary,5e-05,156505,7,0.07868626498982077,0.0801785440993934,725900.0
Kitsune,proprietary,0.0005,156505,78,0.0404106045146039,0.0458415863902743,725900.0
Magnifier,proprietary,5e-05,156505,7,0.13330981135368347,0.1431775341145595,725900.0
Magnifier,proprietary,0.0005,156505,78,0.08755551278591156,0.0923175677061086,725900.0
kNN,proprietary,5e-05,156505,7,1.7700345516204834,1.6849560568689597,
kNN,proprietary,0.0005,156505,78,1.1994540691375732,1.176362700223928,
